[2026-03-30 10:11:34] production.ERROR: Method Illuminate\Foundation\Console\ClosureCommand::hourly does not exist. {"exception":"[object] (BadMethodCallException(code: 0): Method Illuminate\\Foundation\\Console\\ClosureCommand::hourly does not exist. at G:/Cytonn task/task-api/vendor/laravel/framework/src/Illuminate/Macroable/Traits/Macroable.php:112)
[stacktrace]
#0 G:/Cytonn task/task-api/routes/console.php(8): Illuminate/Console/Command->__call('hourly', Array)
#1 G:/Cytonn task/task-api/app/Console/Kernel.php(19): require('G://Cytonn task//...')
#2 G:/Cytonn task/task-api/vendor/laravel/framework/src/Illuminate/Foundation/Console/Kernel.php(453): App/Console/Kernel->commands()
#3 G:/Cytonn task/task-api/vendor/laravel/framework/src/Illuminate/Foundation/Console/Kernel.php(199): Illuminate/Foundation/Console/Kernel->bootstrap()
#4 G:/Cytonn task/task-api/artisan(24): Illuminate/Foundation/Console/Kernel->handle(Object(Symfony/Component/Console/Input/ArgvInput), Object(Symfony/Component/Console/Output/ConsoleOutput))
#5 {main}
"} 
[2026-03-30 10:20:31] production.ERROR: Method Illuminate\Foundation\Console\ClosureCommand::hourly does not exist. {"exception":"[object] (BadMethodCallException(code: 0): Method Illuminate\\Foundation\\Console\\ClosureCommand::hourly does not exist. at G:/Cytonn task/task-api/vendor/laravel/framework/src/Illuminate/Macroable/Traits/Macroable.php:112)
[stacktrace]
#0 G:/Cytonn task/task-api/routes/console.php(8): Illuminate/Console/Command->__call('hourly', Array)
#1 G:/Cytonn task/task-api/app/Console/Kernel.php(19): require('G://Cytonn task//...')
#2 G:/Cytonn task/task-api/vendor/laravel/framework/src/Illuminate/Foundation/Console/Kernel.php(453): App/Console/Kernel->commands()
#3 G:/Cytonn task/task-api/vendor/laravel/framework/src/Illuminate/Foundation/Console/Kernel.php(199): Illuminate/Foundation/Console/Kernel->bootstrap()
#4 G:/Cytonn task/task-api/artisan(24): Illuminate/Foundation/Console/Kernel->handle(Object(Symfony/Component/Console/Input/ArgvInput), Object(Symfony/Component/Console/Output/ConsoleOutput))
#5 {main}
"} 
[2026-03-30 10:21:42] production.ERROR: Class "Illuminate\Foundation\Http\Middleware\TrustProxies" not found {"exception":"[object] (Error(code: 0): Class \"Illuminate\\Foundation\\Http\\Middleware\\TrustProxies\" not found at G:/Cytonn task/task-api/app/Http/Middleware/TrustProxies.php:8)
[stacktrace]
#0 G:/Cytonn task/task-api/vendor/composer/ClassLoader.php(576): include()
#1 G:/Cytonn task/task-api/vendor/composer/ClassLoader.php(427): Composer/Autoload/{closure}('G://Cytonn task//...')
#2 [internal function]: Composer/Autoload/ClassLoader->loadClass('App//Http//Middle...')
#3 G:/Cytonn task/task-api/vendor/laravel/framework/src/Illuminate/Container/Container.php(912): ReflectionClass->__construct('App//Http//Middle...')
#4 G:/Cytonn task/task-api/vendor/laravel/framework/src/Illuminate/Container/Container.php(795): Illuminate/Container/Container->build('App//Http//Middle...')
#5 G:/Cytonn task/task-api/vendor/laravel/framework/src/Illuminate/Foundation/Application.php(986): Illuminate/Container/Container->resolve('App//Http//Middle...', Array, true)
#6 G:/Cytonn task/task-api/vendor/laravel/framework/src/Illuminate/Container/Container.php(731): Illuminate/Foundation/Application->resolve('App//Http//Middle...', Array)
#7 G:/Cytonn task/task-api/vendor/laravel/framework/src/Illuminate/Foundation/Application.php(971): Illuminate/Container/Container->make('App//Http//Middle...', Array)
#8 G:/Cytonn task/task-api/vendor/laravel/framework/src/Illuminate/Pipeline/Pipeline.php(172): Illuminate/Foundation/Application->make('App//Http//Middle...')
#9 G:/Cytonn task/task-api/vendor/laravel/framework/src/Illuminate/Pipeline/Pipeline.php(119): Illuminate/Pipeline/Pipeline->Illuminate/Pipeline/{closure}(Object(Illuminate/Http/Request))
#10 G:/Cytonn task/task-api/vendor/laravel/framework/src/Illuminate/Foundation/Http/Kernel.php(175): Illuminate/Pipeline/Pipeline->then(Object(Closure))
#11 G:/Cytonn task/task-api/vendor/laravel/framework/src/Illuminate/Foundation/Http/Kernel.php(144): Illuminate/Foundation/Http/Kernel->sendRequestThroughRouter(Object(Illuminate/Http/Request))
#12 G:/Cytonn task/task-api/public/index.php(36): Illuminate/Foundation/Http/Kernel->handle(Object(Illuminate/Http/Request))
#13 G:/Cytonn task/task-api/vendor/laravel/framework/src/Illuminate/Foundation/resources/server.php(16): require_once('G://Cytonn task//...')
#14 {main}
"} 
[2026-03-30 10:21:42] production.ERROR: Illuminate\View\FileViewFinder::__construct(): Argument #2 ($paths) must be of type array, null given, called in G:\Cytonn task\task-api\vendor\laravel\framework\src\Illuminate\View\ViewServiceProvider.php on line 85 {"exception":"[object] (TypeError(code: 0): Illuminate\\View\\FileViewFinder::__construct(): Argument #2 ($paths) must be of type array, null given, called in G:\\Cytonn task\\task-api\\vendor\\laravel\\framework\\src\\Illuminate\\View\\ViewServiceProvider.php on line 85 at G:/Cytonn task/task-api/vendor/laravel/framework/src/Illuminate/View/FileViewFinder.php:53)
[stacktrace]
#0 G:/Cytonn task/task-api/vendor/laravel/framework/src/Illuminate/View/ViewServiceProvider.php(85): Illuminate/View/FileViewFinder->__construct(Object(Illuminate/Filesystem/Filesystem), NULL)
#1 G:/Cytonn task/task-api/vendor/laravel/framework/src/Illuminate/Container/Container.php(908): Illuminate/View/ViewServiceProvider->Illuminate/View/{closure}(Object(Illuminate/Foundation/Application), Array)
#2 G:/Cytonn task/task-api/vendor/laravel/framework/src/Illuminate/Container/Container.php(795): Illuminate/Container/Container->build(Object(Closure))
#3 G:/Cytonn task/task-api/vendor/laravel/framework/src/Illuminate/Foundation/Application.php(986): Illuminate/Container/Container->resolve('view.finder', Array, true)
#4 G:/Cytonn task/task-api/vendor/laravel/framework/src/Illuminate/Container/Container.php(731): Illuminate/Foundation/Application->resolve('view.finder', Array)
#5 G:/Cytonn task/task-api/vendor/laravel/framework/src/Illuminate/Foundation/Application.php(971): Illuminate/Container/Container->make('view.finder', Array)
#6 G:/Cytonn task/task-api/vendor/laravel/framework/src/Illuminate/Container/Container.php(1454): Illuminate/Foundation/Application->make('view.finder')
#7 G:/Cytonn task/task-api/vendor/laravel/framework/src/Illuminate/View/ViewServiceProvider.php(45): Illuminate/Container/Container->offsetGet('view.finder')
#8 G:/Cytonn task/task-api/vendor/laravel/framework/src/Illuminate/Container/Container.php(908): Illuminate/View/ViewServiceProvider->Illuminate/View/{closure}(Object(Illuminate/Foundation/Application), Array)
#9 G:/Cytonn task/task-api/vendor/laravel/framework/src/Illuminate/Container/Container.php(795): Illuminate/Container/Container->build(Object(Closure))
#10 G:/Cytonn task/task-api/vendor/laravel/framework/src/Illuminate/Foundation/Application.php(986): Illuminate/Container/Container->resolve('view', Array, true)
#11 G:/Cytonn task/task-api/vendor/laravel/framework/src/Illuminate/Container/Container.php(731): Illuminate/Foundation/Application->resolve('view', Array)
#12 G:/Cytonn task/task-api/vendor/laravel/framework/src/Illuminate/Foundation/Application.php(971): Illuminate/Container/Container->make('view', Array)
#13 G:/Cytonn task/task-api/vendor/laravel/framework/src/Illuminate/Container/Container.php(1454): Illuminate/Foundation/Application->make('view')
#14 G:/Cytonn task/task-api/vendor/laravel/framework/src/Illuminate/Support/Facades/Facade.php(237): Illuminate/Container/Container->offsetGet('view')
#15 G:/Cytonn task/task-api/vendor/laravel/framework/src/Illuminate/Support/Facades/Facade.php(208): Illuminate/Support/Facades/Facade::resolveFacadeInstance('view')
#16 G:/Cytonn task/task-api/vendor/laravel/framework/src/Illuminate/Support/Facades/Facade.php(349): Illuminate/Support/Facades/Facade::getFacadeRoot()
#17 G:/Cytonn task/task-api/vendor/laravel/framework/src/Illuminate/Foundation/Exceptions/RegisterErrorViewPaths.php(16): Illuminate/Support/Facades/Facade::__callStatic('replaceNamespac...', Array)
#18 G:/Cytonn task/task-api/vendor/laravel/framework/src/Illuminate/Foundation/Exceptions/Handler.php(744): Illuminate/Foundation/Exceptions/RegisterErrorViewPaths->__invoke()
#19 G:/Cytonn task/task-api/vendor/laravel/framework/src/Illuminate/Foundation/Exceptions/Handler.php(719): Illuminate/Foundation/Exceptions/Handler->registerErrorViewPaths()
#20 G:/Cytonn task/task-api/vendor/laravel/framework/src/Illuminate/Foundation/Exceptions/Handler.php(650): Illuminate/Foundation/Exceptions/Handler->renderHttpException(Object(Symfony/Component/HttpKernel/Exception/HttpException))
#21 G:/Cytonn task/task-api/vendor/laravel/framework/src/Illuminate/Foundation/Exceptions/Handler.php(556): Illuminate/Foundation/Exceptions/Handler->prepareResponse(Object(Illuminate/Http/Request), Object(Symfony/Component/HttpKernel/Exception/HttpException))
#22 G:/Cytonn task/task-api/vendor/laravel/framework/src/Illuminate/Foundation/Exceptions/Handler.php(473): Illuminate/Foundation/Exceptions/Handler->renderExceptionResponse(Object(Illuminate/Http/Request), Object(Error))
#23 G:/Cytonn task/task-api/vendor/laravel/framework/src/Illuminate/Routing/Pipeline.php(51): Illuminate/Foundation/Exceptions/Handler->render(Object(Illuminate/Http/Request), Object(Error))
#24 G:/Cytonn task/task-api/vendor/laravel/framework/src/Illuminate/Pipeline/Pipeline.php(188): Illuminate/Routing/Pipeline->handleException(Object(Illuminate/Http/Request), Object(Error))
#25 G:/Cytonn task/task-api/vendor/laravel/framework/src/Illuminate/Pipeline/Pipeline.php(119): Illuminate/Pipeline/Pipeline->Illuminate/Pipeline/{closure}(Object(Illuminate/Http/Request))
#26 G:/Cytonn task/task-api/vendor/laravel/framework/src/Illuminate/Foundation/Http/Kernel.php(175): Illuminate/Pipeline/Pipeline->then(Object(Closure))
#27 G:/Cytonn task/task-api/vendor/laravel/framework/src/Illuminate/Foundation/Http/Kernel.php(144): Illuminate/Foundation/Http/Kernel->sendRequestThroughRouter(Object(Illuminate/Http/Request))
#28 G:/Cytonn task/task-api/public/index.php(36): Illuminate/Foundation/Http/Kernel->handle(Object(Illuminate/Http/Request))
#29 G:/Cytonn task/task-api/vendor/laravel/framework/src/Illuminate/Foundation/resources/server.php(16): require_once('G://Cytonn task//...')
#30 {main}
"} 
[2026-03-30 10:21:42] production.ERROR: Illuminate\View\FileViewFinder::__construct(): Argument #2 ($paths) must be of type array, null given, called in G:\Cytonn task\task-api\vendor\laravel\framework\src\Illuminate\View\ViewServiceProvider.php on line 85 {"exception":"[object] (TypeError(code: 0): Illuminate\\View\\FileViewFinder::__construct(): Argument #2 ($paths) must be of type array, null given, called in G:\\Cytonn task\\task-api\\vendor\\laravel\\framework\\src\\Illuminate\\View\\ViewServiceProvider.php on line 85 at G:/Cytonn task/task-api/vendor/laravel/framework/src/Illuminate/View/FileViewFinder.php:53)
[stacktrace]
#0 G:/Cytonn task/task-api/vendor/laravel/framework/src/Illuminate/View/ViewServiceProvider.php(85): Illuminate/View/FileViewFinder->__construct(Object(Illuminate/Filesystem/Filesystem), NULL)
#1 G:/Cytonn task/task-api/vendor/laravel/framework/src/Illuminate/Container/Container.php(908): Illuminate/View/ViewServiceProvider->Illuminate/View/{closure}(Object(Illuminate/Foundation/Application), Array)
#2 G:/Cytonn task/task-api/vendor/laravel/framework/src/Illuminate/Container/Container.php(795): Illuminate/Container/Container->build(Object(Closure))
#3 G:/Cytonn task/task-api/vendor/laravel/framework/src/Illuminate/Foundation/Application.php(986): Illuminate/Container/Container->resolve('view.finder', Array, true)
#4 G:/Cytonn task/task-api/vendor/laravel/framework/src/Illuminate/Container/Container.php(731): Illuminate/Foundation/Application->resolve('view.finder', Array)
#5 G:/Cytonn task/task-api/vendor/laravel/framework/src/Illuminate/Foundation/Application.php(971): Illuminate/Container/Container->make('view.finder', Array)
#6 G:/Cytonn task/task-api/vendor/laravel/framework/src/Illuminate/Container/Container.php(1454): Illuminate/Foundation/Application->make('view.finder')
#7 G:/Cytonn task/task-api/vendor/laravel/framework/src/Illuminate/View/ViewServiceProvider.php(45): Illuminate/Container/Container->offsetGet('view.finder')
#8 G:/Cytonn task/task-api/vendor/laravel/framework/src/Illuminate/Container/Container.php(908): Illuminate/View/ViewServiceProvider->Illuminate/View/{closure}(Object(Illuminate/Foundation/Application), Array)
#9 G:/Cytonn task/task-api/vendor/laravel/framework/src/Illuminate/Container/Container.php(795): Illuminate/Container/Container->build(Object(Closure))
#10 G:/Cytonn task/task-api/vendor/laravel/framework/src/Illuminate/Foundation/Application.php(986): Illuminate/Container/Container->resolve('view', Array, true)
#11 G:/Cytonn task/task-api/vendor/laravel/framework/src/Illuminate/Container/Container.php(731): Illuminate/Foundation/Application->resolve('view', Array)
#12 G:/Cytonn task/task-api/vendor/laravel/framework/src/Illuminate/Foundation/Application.php(971): Illuminate/Container/Container->make('view', Array)
#13 G:/Cytonn task/task-api/vendor/laravel/framework/src/Illuminate/Container/Container.php(1454): Illuminate/Foundation/Application->make('view')
#14 G:/Cytonn task/task-api/vendor/laravel/framework/src/Illuminate/Support/Facades/Facade.php(237): Illuminate/Container/Container->offsetGet('view')
#15 G:/Cytonn task/task-api/vendor/laravel/framework/src/Illuminate/Support/Facades/Facade.php(208): Illuminate/Support/Facades/Facade::resolveFacadeInstance('view')
#16 G:/Cytonn task/task-api/vendor/laravel/framework/src/Illuminate/Support/Facades/Facade.php(349): Illuminate/Support/Facades/Facade::getFacadeRoot()
#17 G:/Cytonn task/task-api/vendor/laravel/framework/src/Illuminate/Foundation/Exceptions/RegisterErrorViewPaths.php(16): Illuminate/Support/Facades/Facade::__callStatic('replaceNamespac...', Array)
#18 G:/Cytonn task/task-api/vendor/laravel/framework/src/Illuminate/Foundation/Exceptions/Handler.php(744): Illuminate/Foundation/Exceptions/RegisterErrorViewPaths->__invoke()
#19 G:/Cytonn task/task-api/vendor/laravel/framework/src/Illuminate/Foundation/Exceptions/Handler.php(719): Illuminate/Foundation/Exceptions/Handler->registerErrorViewPaths()
#20 G:/Cytonn task/task-api/vendor/laravel/framework/src/Illuminate/Foundation/Exceptions/Handler.php(650): Illuminate/Foundation/Exceptions/Handler->renderHttpException(Object(Symfony/Component/HttpKernel/Exception/HttpException))
#21 G:/Cytonn task/task-api/vendor/laravel/framework/src/Illuminate/Foundation/Exceptions/Handler.php(556): Illuminate/Foundation/Exceptions/Handler->prepareResponse(Object(Illuminate/Http/Request), Object(Symfony/Component/HttpKernel/Exception/HttpException))
#22 G:/Cytonn task/task-api/vendor/laravel/framework/src/Illuminate/Foundation/Exceptions/Handler.php(473): Illuminate/Foundation/Exceptions/Handler->renderExceptionResponse(Object(Illuminate/Http/Request), Object(TypeError))
#23 G:/Cytonn task/task-api/vendor/laravel/framework/src/Illuminate/Foundation/Http/Kernel.php(509): Illuminate/Foundation/Exceptions/Handler->render(Object(Illuminate/Http/Request), Object(TypeError))
#24 G:/Cytonn task/task-api/vendor/laravel/framework/src/Illuminate/Foundation/Http/Kernel.php(148): Illuminate/Foundation/Http/Kernel->renderException(Object(Illuminate/Http/Request), Object(TypeError))
#25 G:/Cytonn task/task-api/public/index.php(36): Illuminate/Foundation/Http/Kernel->handle(Object(Illuminate/Http/Request))
#26 G:/Cytonn task/task-api/vendor/laravel/framework/src/Illuminate/Foundation/resources/server.php(16): require_once('G://Cytonn task//...')
#27 {main}
"} 
[2026-03-30 10:21:42] production.ERROR: Uncaught TypeError: Illuminate\View\FileViewFinder::__construct(): Argument #2 ($paths) must be of type array, null given, called in G:\Cytonn task\task-api\vendor\laravel\framework\src\Illuminate\View\ViewServiceProvider.php on line 85 and defined in G:\Cytonn task\task-api\vendor\laravel\framework\src\Illuminate\View\FileViewFinder.php:53
Stack trace:
#0 G:\Cytonn task\task-api\vendor\laravel\framework\src\Illuminate\View\ViewServiceProvider.php(85): Illuminate\View\FileViewFinder->__construct(Object(Illuminate\Filesystem\Filesystem), NULL)
#1 G:\Cytonn task\task-api\vendor\laravel\framework\src\Illuminate\Container\Container.php(908): Illuminate\View\ViewServiceProvider->Illuminate\View\{closure}(Object(Illuminate\Foundation\Application), Array)
#2 G:\Cytonn task\task-api\vendor\laravel\framework\src\Illuminate\Container\Container.php(795): Illuminate\Container\Container->build(Object(Closure))
#3 G:\Cytonn task\task-api\vendor\laravel\framework\src\Illuminate\Foundation\Application.php(986): Illuminate\Container\Container->resolve('view.finder', Array, true)
#4 G:\Cytonn task\task-api\vendor\laravel\framework\src\Illuminate\Container\Container.php(731): Illuminate\Foundation\Application->resolve('view.finder', Array)
#5 G:\Cytonn task\task-api\vendor\laravel\framework\src\Illuminate\Foundation\Application.php(971): Illuminate\Container\Container->make('view.finder', Array)
#6 G:\Cytonn task\task-api\vendor\laravel\framework\src\Illuminate\Container\Container.php(1454): Illuminate\Foundation\Application->make('view.finder')
#7 G:\Cytonn task\task-api\vendor\laravel\framework\src\Illuminate\View\ViewServiceProvider.php(45): Illuminate\Container\Container->offsetGet('view.finder')
#8 G:\Cytonn task\task-api\vendor\laravel\framework\src\Illuminate\Container\Container.php(908): Illuminate\View\ViewServiceProvider->Illuminate\View\{closure}(Object(Illuminate\Foundation\Application), Array)
#9 G:\Cytonn task\task-api\vendor\laravel\framework\src\Illuminate\Container\Container.php(795): Illuminate\Container\Container->build(Object(Closure))
#10 G:\Cytonn task\task-api\vendor\laravel\framework\src\Illuminate\Foundation\Application.php(986): Illuminate\Container\Container->resolve('view', Array, true)
#11 G:\Cytonn task\task-api\vendor\laravel\framework\src\Illuminate\Container\Container.php(731): Illuminate\Foundation\Application->resolve('view', Array)
#12 G:\Cytonn task\task-api\vendor\laravel\framework\src\Illuminate\Foundation\Application.php(971): Illuminate\Container\Container->make('view', Array)
#13 G:\Cytonn task\task-api\vendor\laravel\framework\src\Illuminate\Container\Container.php(1454): Illuminate\Foundation\Application->make('view')
#14 G:\Cytonn task\task-api\vendor\laravel\framework\src\Illuminate\Support\Facades\Facade.php(237): Illuminate\Container\Container->offsetGet('view')
#15 G:\Cytonn task\task-api\vendor\laravel\framework\src\Illuminate\Support\Facades\Facade.php(208): Illuminate\Support\Facades\Facade::resolveFacadeInstance('view')
#16 G:\Cytonn task\task-api\vendor\laravel\framework\src\Illuminate\Support\Facades\Facade.php(349): Illuminate\Support\Facades\Facade::getFacadeRoot()
#17 G:\Cytonn task\task-api\vendor\laravel\framework\src\Illuminate\Foundation\Exceptions\RegisterErrorViewPaths.php(16): Illuminate\Support\Facades\Facade::__callStatic('replaceNamespac...', Array)
#18 G:\Cytonn task\task-api\vendor\laravel\framework\src\Illuminate\Foundation\Exceptions\Handler.php(744): Illuminate\Foundation\Exceptions\RegisterErrorViewPaths->__invoke()
#19 G:\Cytonn task\task-api\vendor\laravel\framework\src\Illuminate\Foundation\Exceptions\Handler.php(719): Illuminate\Foundation\Exceptions\Handler->registerErrorViewPaths()
#20 G:\Cytonn task\task-api\vendor\laravel\framework\src\Illuminate\Foundation\Exceptions\Handler.php(650): Illuminate\Foundation\Exceptions\Handler->renderHttpException(Object(Symfony\Component\HttpKernel\Exception\HttpException))
#21 G:\Cytonn task\task-api\vendor\laravel\framework\src\Illuminate\Foundation\Exceptions\Handler.php(556): Illuminate\Foundation\Exceptions\Handler->prepareResponse(Object(Illuminate\Http\Request), Object(Symfony\Component\HttpKernel\Exception\HttpException))
#22 G:\Cytonn task\task-api\vendor\laravel\framework\src\Illuminate\Foundation\Exceptions\Handler.php(473): Illuminate\Foundation\Exceptions\Handler->renderExceptionResponse(Object(Illuminate\Http\Request), Object(TypeError))
#23 G:\Cytonn task\task-api\vendor\laravel\framework\src\Illuminate\Foundation\Bootstrap\HandleExceptions.php(218): Illuminate\Foundation\Exceptions\Handler->render(Object(Illuminate\Http\Request), Object(TypeError))
#24 G:\Cytonn task\task-api\vendor\laravel\framework\src\Illuminate\Foundation\Bootstrap\HandleExceptions.php(195): Illuminate\Foundation\Bootstrap\HandleExceptions->renderHttpResponse(Object(TypeError))
#25 G:\Cytonn task\task-api\vendor\laravel\framework\src\Illuminate\Foundation\Bootstrap\HandleExceptions.php(255): Illuminate\Foundation\Bootstrap\HandleExceptions->handleException(Object(TypeError))
#26 [internal function]: Illuminate\Foundation\Bootstrap\HandleExceptions->Illuminate\Foundation\Bootstrap\{closure}(Object(TypeError))
#27 {main}
  thrown {"exception":"[object] (Symfony\\Component\\ErrorHandler\\Error\\FatalError(code: 0): Uncaught TypeError: Illuminate\\View\\FileViewFinder::__construct(): Argument #2 ($paths) must be of type array, null given, called in G:\\Cytonn task\\task-api\\vendor\\laravel\\framework\\src\\Illuminate\\View\\ViewServiceProvider.php on line 85 and defined in G:\\Cytonn task\\task-api\\vendor\\laravel\\framework\\src\\Illuminate\\View\\FileViewFinder.php:53
Stack trace:
#0 G:\\Cytonn task\\task-api\\vendor\\laravel\\framework\\src\\Illuminate\\View\\ViewServiceProvider.php(85): Illuminate\\View\\FileViewFinder->__construct(Object(Illuminate\\Filesystem\\Filesystem), NULL)
#1 G:\\Cytonn task\\task-api\\vendor\\laravel\\framework\\src\\Illuminate\\Container\\Container.php(908): Illuminate\\View\\ViewServiceProvider->Illuminate\\View\\{closure}(Object(Illuminate\\Foundation\\Application), Array)
#2 G:\\Cytonn task\\task-api\\vendor\\laravel\\framework\\src\\Illuminate\\Container\\Container.php(795): Illuminate\\Container\\Container->build(Object(Closure))
#3 G:\\Cytonn task\\task-api\\vendor\\laravel\\framework\\src\\Illuminate\\Foundation\\Application.php(986): Illuminate\\Container\\Container->resolve('view.finder', Array, true)
#4 G:\\Cytonn task\\task-api\\vendor\\laravel\\framework\\src\\Illuminate\\Container\\Container.php(731): Illuminate\\Foundation\\Application->resolve('view.finder', Array)
#5 G:\\Cytonn task\\task-api\\vendor\\laravel\\framework\\src\\Illuminate\\Foundation\\Application.php(971): Illuminate\\Container\\Container->make('view.finder', Array)
#6 G:\\Cytonn task\\task-api\\vendor\\laravel\\framework\\src\\Illuminate\\Container\\Container.php(1454): Illuminate\\Foundation\\Application->make('view.finder')
#7 G:\\Cytonn task\\task-api\\vendor\\laravel\\framework\\src\\Illuminate\\View\\ViewServiceProvider.php(45): Illuminate\\Container\\Container->offsetGet('view.finder')
#8 G:\\Cytonn task\\task-api\\vendor\\laravel\\framework\\src\\Illuminate\\Container\\Container.php(908): Illuminate\\View\\ViewServiceProvider->Illuminate\\View\\{closure}(Object(Illuminate\\Foundation\\Application), Array)
#9 G:\\Cytonn task\\task-api\\vendor\\laravel\\framework\\src\\Illuminate\\Container\\Container.php(795): Illuminate\\Container\\Container->build(Object(Closure))
#10 G:\\Cytonn task\\task-api\\vendor\\laravel\\framework\\src\\Illuminate\\Foundation\\Application.php(986): Illuminate\\Container\\Container->resolve('view', Array, true)
#11 G:\\Cytonn task\\task-api\\vendor\\laravel\\framework\\src\\Illuminate\\Container\\Container.php(731): Illuminate\\Foundation\\Application->resolve('view', Array)
#12 G:\\Cytonn task\\task-api\\vendor\\laravel\\framework\\src\\Illuminate\\Foundation\\Application.php(971): Illuminate\\Container\\Container->make('view', Array)
#13 G:\\Cytonn task\\task-api\\vendor\\laravel\\framework\\src\\Illuminate\\Container\\Container.php(1454): Illuminate\\Foundation\\Application->make('view')
#14 G:\\Cytonn task\\task-api\\vendor\\laravel\\framework\\src\\Illuminate\\Support\\Facades\\Facade.php(237): Illuminate\\Container\\Container->offsetGet('view')
#15 G:\\Cytonn task\\task-api\\vendor\\laravel\\framework\\src\\Illuminate\\Support\\Facades\\Facade.php(208): Illuminate\\Support\\Facades\\Facade::resolveFacadeInstance('view')
#16 G:\\Cytonn task\\task-api\\vendor\\laravel\\framework\\src\\Illuminate\\Support\\Facades\\Facade.php(349): Illuminate\\Support\\Facades\\Facade::getFacadeRoot()
#17 G:\\Cytonn task\\task-api\\vendor\\laravel\\framework\\src\\Illuminate\\Foundation\\Exceptions\\RegisterErrorViewPaths.php(16): Illuminate\\Support\\Facades\\Facade::__callStatic('replaceNamespac...', Array)
#18 G:\\Cytonn task\\task-api\\vendor\\laravel\\framework\\src\\Illuminate\\Foundation\\Exceptions\\Handler.php(744): Illuminate\\Foundation\\Exceptions\\RegisterErrorViewPaths->__invoke()
#19 G:\\Cytonn task\\task-api\\vendor\\laravel\\framework\\src\\Illuminate\\Foundation\\Exceptions\\Handler.php(719): Illuminate\\Foundation\\Exceptions\\Handler->registerErrorViewPaths()
#20 G:\\Cytonn task\\task-api\\vendor\\laravel\\framework\\src\\Illuminate\\Foundation\\Exceptions\\Handler.php(650): Illuminate\\Foundation\\Exceptions\\Handler->renderHttpException(Object(Symfony\\Component\\HttpKernel\\Exception\\HttpException))
#21 G:\\Cytonn task\\task-api\\vendor\\laravel\\framework\\src\\Illuminate\\Foundation\\Exceptions\\Handler.php(556): Illuminate\\Foundation\\Exceptions\\Handler->prepareResponse(Object(Illuminate\\Http\\Request), Object(Symfony\\Component\\HttpKernel\\Exception\\HttpException))
#22 G:\\Cytonn task\\task-api\\vendor\\laravel\\framework\\src\\Illuminate\\Foundation\\Exceptions\\Handler.php(473): Illuminate\\Foundation\\Exceptions\\Handler->renderExceptionResponse(Object(Illuminate\\Http\\Request), Object(TypeError))
#23 G:\\Cytonn task\\task-api\\vendor\\laravel\\framework\\src\\Illuminate\\Foundation\\Bootstrap\\HandleExceptions.php(218): Illuminate\\Foundation\\Exceptions\\Handler->render(Object(Illuminate\\Http\\Request), Object(TypeError))
#24 G:\\Cytonn task\\task-api\\vendor\\laravel\\framework\\src\\Illuminate\\Foundation\\Bootstrap\\HandleExceptions.php(195): Illuminate\\Foundation\\Bootstrap\\HandleExceptions->renderHttpResponse(Object(TypeError))
#25 G:\\Cytonn task\\task-api\\vendor\\laravel\\framework\\src\\Illuminate\\Foundation\\Bootstrap\\HandleExceptions.php(255): Illuminate\\Foundation\\Bootstrap\\HandleExceptions->handleException(Object(TypeError))
#26 [internal function]: Illuminate\\Foundation\\Bootstrap\\HandleExceptions->Illuminate\\Foundation\\Bootstrap\\{closure}(Object(TypeError))
#27 {main}
  thrown at G:/Cytonn task/task-api/vendor/laravel/framework/src/Illuminate/View/FileViewFinder.php:53)
[stacktrace]
#0 {main}
"} 
[2026-03-30 10:21:45] production.ERROR: Class "Illuminate\Foundation\Http\Middleware\TrustProxies" not found {"exception":"[object] (Error(code: 0): Class \"Illuminate\\Foundation\\Http\\Middleware\\TrustProxies\" not found at G:/Cytonn task/task-api/app/Http/Middleware/TrustProxies.php:8)
[stacktrace]
#0 G:/Cytonn task/task-api/vendor/composer/ClassLoader.php(576): include()
#1 G:/Cytonn task/task-api/vendor/composer/ClassLoader.php(427): Composer/Autoload/{closure}('G://Cytonn task//...')
#2 [internal function]: Composer/Autoload/ClassLoader->loadClass('App//Http//Middle...')
#3 G:/Cytonn task/task-api/vendor/laravel/framework/src/Illuminate/Container/Container.php(912): ReflectionClass->__construct('App//Http//Middle...')
#4 G:/Cytonn task/task-api/vendor/laravel/framework/src/Illuminate/Container/Container.php(795): Illuminate/Container/Container->build('App//Http//Middle...')
#5 G:/Cytonn task/task-api/vendor/laravel/framework/src/Illuminate/Foundation/Application.php(986): Illuminate/Container/Container->resolve('App//Http//Middle...', Array, true)
#6 G:/Cytonn task/task-api/vendor/laravel/framework/src/Illuminate/Container/Container.php(731): Illuminate/Foundation/Application->resolve('App//Http//Middle...', Array)
#7 G:/Cytonn task/task-api/vendor/laravel/framework/src/Illuminate/Foundation/Application.php(971): Illuminate/Container/Container->make('App//Http//Middle...', Array)
#8 G:/Cytonn task/task-api/vendor/laravel/framework/src/Illuminate/Pipeline/Pipeline.php(172): Illuminate/Foundation/Application->make('App//Http//Middle...')
#9 G:/Cytonn task/task-api/vendor/laravel/framework/src/Illuminate/Pipeline/Pipeline.php(119): Illuminate/Pipeline/Pipeline->Illuminate/Pipeline/{closure}(Object(Illuminate/Http/Request))
#10 G:/Cytonn task/task-api/vendor/laravel/framework/src/Illuminate/Foundation/Http/Kernel.php(175): Illuminate/Pipeline/Pipeline->then(Object(Closure))
#11 G:/Cytonn task/task-api/vendor/laravel/framework/src/Illuminate/Foundation/Http/Kernel.php(144): Illuminate/Foundation/Http/Kernel->sendRequestThroughRouter(Object(Illuminate/Http/Request))
#12 G:/Cytonn task/task-api/public/index.php(36): Illuminate/Foundation/Http/Kernel->handle(Object(Illuminate/Http/Request))
#13 G:/Cytonn task/task-api/vendor/laravel/framework/src/Illuminate/Foundation/resources/server.php(16): require_once('G://Cytonn task//...')
#14 {main}
"} 
[2026-03-30 10:21:45] production.ERROR: Illuminate\View\FileViewFinder::__construct(): Argument #2 ($paths) must be of type array, null given, called in G:\Cytonn task\task-api\vendor\laravel\framework\src\Illuminate\View\ViewServiceProvider.php on line 85 {"exception":"[object] (TypeError(code: 0): Illuminate\\View\\FileViewFinder::__construct(): Argument #2 ($paths) must be of type array, null given, called in G:\\Cytonn task\\task-api\\vendor\\laravel\\framework\\src\\Illuminate\\View\\ViewServiceProvider.php on line 85 at G:/Cytonn task/task-api/vendor/laravel/framework/src/Illuminate/View/FileViewFinder.php:53)
[stacktrace]
#0 G:/Cytonn task/task-api/vendor/laravel/framework/src/Illuminate/View/ViewServiceProvider.php(85): Illuminate/View/FileViewFinder->__construct(Object(Illuminate/Filesystem/Filesystem), NULL)
#1 G:/Cytonn task/task-api/vendor/laravel/framework/src/Illuminate/Container/Container.php(908): Illuminate/View/ViewServiceProvider->Illuminate/View/{closure}(Object(Illuminate/Foundation/Application), Array)
#2 G:/Cytonn task/task-api/vendor/laravel/framework/src/Illuminate/Container/Container.php(795): Illuminate/Container/Container->build(Object(Closure))
#3 G:/Cytonn task/task-api/vendor/laravel/framework/src/Illuminate/Foundation/Application.php(986): Illuminate/Container/Container->resolve('view.finder', Array, true)
#4 G:/Cytonn task/task-api/vendor/laravel/framework/src/Illuminate/Container/Container.php(731): Illuminate/Foundation/Application->resolve('view.finder', Array)
#5 G:/Cytonn task/task-api/vendor/laravel/framework/src/Illuminate/Foundation/Application.php(971): Illuminate/Container/Container->make('view.finder', Array)
#6 G:/Cytonn task/task-api/vendor/laravel/framework/src/Illuminate/Container/Container.php(1454): Illuminate/Foundation/Application->make('view.finder')
#7 G:/Cytonn task/task-api/vendor/laravel/framework/src/Illuminate/View/ViewServiceProvider.php(45): Illuminate/Container/Container->offsetGet('view.finder')
#8 G:/Cytonn task/task-api/vendor/laravel/framework/src/Illuminate/Container/Container.php(908): Illuminate/View/ViewServiceProvider->Illuminate/View/{closure}(Object(Illuminate/Foundation/Application), Array)
#9 G:/Cytonn task/task-api/vendor/laravel/framework/src/Illuminate/Container/Container.php(795): Illuminate/Container/Container->build(Object(Closure))
#10 G:/Cytonn task/task-api/vendor/laravel/framework/src/Illuminate/Foundation/Application.php(986): Illuminate/Container/Container->resolve('view', Array, true)
#11 G:/Cytonn task/task-api/vendor/laravel/framework/src/Illuminate/Container/Container.php(731): Illuminate/Foundation/Application->resolve('view', Array)
#12 G:/Cytonn task/task-api/vendor/laravel/framework/src/Illuminate/Foundation/Application.php(971): Illuminate/Container/Container->make('view', Array)
#13 G:/Cytonn task/task-api/vendor/laravel/framework/src/Illuminate/Container/Container.php(1454): Illuminate/Foundation/Application->make('view')
#14 G:/Cytonn task/task-api/vendor/laravel/framework/src/Illuminate/Support/Facades/Facade.php(237): Illuminate/Container/Container->offsetGet('view')
#15 G:/Cytonn task/task-api/vendor/laravel/framework/src/Illuminate/Support/Facades/Facade.php(208): Illuminate/Support/Facades/Facade::resolveFacadeInstance('view')
#16 G:/Cytonn task/task-api/vendor/laravel/framework/src/Illuminate/Support/Facades/Facade.php(349): Illuminate/Support/Facades/Facade::getFacadeRoot()
#17 G:/Cytonn task/task-api/vendor/laravel/framework/src/Illuminate/Foundation/Exceptions/RegisterErrorViewPaths.php(16): Illuminate/Support/Facades/Facade::__callStatic('replaceNamespac...', Array)
#18 G:/Cytonn task/task-api/vendor/laravel/framework/src/Illuminate/Foundation/Exceptions/Handler.php(744): Illuminate/Foundation/Exceptions/RegisterErrorViewPaths->__invoke()
#19 G:/Cytonn task/task-api/vendor/laravel/framework/src/Illuminate/Foundation/Exceptions/Handler.php(719): Illuminate/Foundation/Exceptions/Handler->registerErrorViewPaths()
#20 G:/Cytonn task/task-api/vendor/laravel/framework/src/Illuminate/Foundation/Exceptions/Handler.php(650): Illuminate/Foundation/Exceptions/Handler->renderHttpException(Object(Symfony/Component/HttpKernel/Exception/HttpException))
#21 G:/Cytonn task/task-api/vendor/laravel/framework/src/Illuminate/Foundation/Exceptions/Handler.php(556): Illuminate/Foundation/Exceptions/Handler->prepareResponse(Object(Illuminate/Http/Request), Object(Symfony/Component/HttpKernel/Exception/HttpException))
#22 G:/Cytonn task/task-api/vendor/laravel/framework/src/Illuminate/Foundation/Exceptions/Handler.php(473): Illuminate/Foundation/Exceptions/Handler->renderExceptionResponse(Object(Illuminate/Http/Request), Object(Error))
#23 G:/Cytonn task/task-api/vendor/laravel/framework/src/Illuminate/Routing/Pipeline.php(51): Illuminate/Foundation/Exceptions/Handler->render(Object(Illuminate/Http/Request), Object(Error))
#24 G:/Cytonn task/task-api/vendor/laravel/framework/src/Illuminate/Pipeline/Pipeline.php(188): Illuminate/Routing/Pipeline->handleException(Object(Illuminate/Http/Request), Object(Error))
#25 G:/Cytonn task/task-api/vendor/laravel/framework/src/Illuminate/Pipeline/Pipeline.php(119): Illuminate/Pipeline/Pipeline->Illuminate/Pipeline/{closure}(Object(Illuminate/Http/Request))
#26 G:/Cytonn task/task-api/vendor/laravel/framework/src/Illuminate/Foundation/Http/Kernel.php(175): Illuminate/Pipeline/Pipeline->then(Object(Closure))
#27 G:/Cytonn task/task-api/vendor/laravel/framework/src/Illuminate/Foundation/Http/Kernel.php(144): Illuminate/Foundation/Http/Kernel->sendRequestThroughRouter(Object(Illuminate/Http/Request))
#28 G:/Cytonn task/task-api/public/index.php(36): Illuminate/Foundation/Http/Kernel->handle(Object(Illuminate/Http/Request))
#29 G:/Cytonn task/task-api/vendor/laravel/framework/src/Illuminate/Foundation/resources/server.php(16): require_once('G://Cytonn task//...')
#30 {main}
"} 
[2026-03-30 10:21:45] production.ERROR: Illuminate\View\FileViewFinder::__construct(): Argument #2 ($paths) must be of type array, null given, called in G:\Cytonn task\task-api\vendor\laravel\framework\src\Illuminate\View\ViewServiceProvider.php on line 85 {"exception":"[object] (TypeError(code: 0): Illuminate\\View\\FileViewFinder::__construct(): Argument #2 ($paths) must be of type array, null given, called in G:\\Cytonn task\\task-api\\vendor\\laravel\\framework\\src\\Illuminate\\View\\ViewServiceProvider.php on line 85 at G:/Cytonn task/task-api/vendor/laravel/framework/src/Illuminate/View/FileViewFinder.php:53)
[stacktrace]
#0 G:/Cytonn task/task-api/vendor/laravel/framework/src/Illuminate/View/ViewServiceProvider.php(85): Illuminate/View/FileViewFinder->__construct(Object(Illuminate/Filesystem/Filesystem), NULL)
#1 G:/Cytonn task/task-api/vendor/laravel/framework/src/Illuminate/Container/Container.php(908): Illuminate/View/ViewServiceProvider->Illuminate/View/{closure}(Object(Illuminate/Foundation/Application), Array)
#2 G:/Cytonn task/task-api/vendor/laravel/framework/src/Illuminate/Container/Container.php(795): Illuminate/Container/Container->build(Object(Closure))
#3 G:/Cytonn task/task-api/vendor/laravel/framework/src/Illuminate/Foundation/Application.php(986): Illuminate/Container/Container->resolve('view.finder', Array, true)
#4 G:/Cytonn task/task-api/vendor/laravel/framework/src/Illuminate/Container/Container.php(731): Illuminate/Foundation/Application->resolve('view.finder', Array)
#5 G:/Cytonn task/task-api/vendor/laravel/framework/src/Illuminate/Foundation/Application.php(971): Illuminate/Container/Container->make('view.finder', Array)
#6 G:/Cytonn task/task-api/vendor/laravel/framework/src/Illuminate/Container/Container.php(1454): Illuminate/Foundation/Application->make('view.finder')
#7 G:/Cytonn task/task-api/vendor/laravel/framework/src/Illuminate/View/ViewServiceProvider.php(45): Illuminate/Container/Container->offsetGet('view.finder')
#8 G:/Cytonn task/task-api/vendor/laravel/framework/src/Illuminate/Container/Container.php(908): Illuminate/View/ViewServiceProvider->Illuminate/View/{closure}(Object(Illuminate/Foundation/Application), Array)
#9 G:/Cytonn task/task-api/vendor/laravel/framework/src/Illuminate/Container/Container.php(795): Illuminate/Container/Container->build(Object(Closure))
#10 G:/Cytonn task/task-api/vendor/laravel/framework/src/Illuminate/Foundation/Application.php(986): Illuminate/Container/Container->resolve('view', Array, true)
#11 G:/Cytonn task/task-api/vendor/laravel/framework/src/Illuminate/Container/Container.php(731): Illuminate/Foundation/Application->resolve('view', Array)
#12 G:/Cytonn task/task-api/vendor/laravel/framework/src/Illuminate/Foundation/Application.php(971): Illuminate/Container/Container->make('view', Array)
#13 G:/Cytonn task/task-api/vendor/laravel/framework/src/Illuminate/Container/Container.php(1454): Illuminate/Foundation/Application->make('view')
#14 G:/Cytonn task/task-api/vendor/laravel/framework/src/Illuminate/Support/Facades/Facade.php(237): Illuminate/Container/Container->offsetGet('view')
#15 G:/Cytonn task/task-api/vendor/laravel/framework/src/Illuminate/Support/Facades/Facade.php(208): Illuminate/Support/Facades/Facade::resolveFacadeInstance('view')
#16 G:/Cytonn task/task-api/vendor/laravel/framework/src/Illuminate/Support/Facades/Facade.php(349): Illuminate/Support/Facades/Facade::getFacadeRoot()
#17 G:/Cytonn task/task-api/vendor/laravel/framework/src/Illuminate/Foundation/Exceptions/RegisterErrorViewPaths.php(16): Illuminate/Support/Facades/Facade::__callStatic('replaceNamespac...', Array)
#18 G:/Cytonn task/task-api/vendor/laravel/framework/src/Illuminate/Foundation/Exceptions/Handler.php(744): Illuminate/Foundation/Exceptions/RegisterErrorViewPaths->__invoke()
#19 G:/Cytonn task/task-api/vendor/laravel/framework/src/Illuminate/Foundation/Exceptions/Handler.php(719): Illuminate/Foundation/Exceptions/Handler->registerErrorViewPaths()
#20 G:/Cytonn task/task-api/vendor/laravel/framework/src/Illuminate/Foundation/Exceptions/Handler.php(650): Illuminate/Foundation/Exceptions/Handler->renderHttpException(Object(Symfony/Component/HttpKernel/Exception/HttpException))
#21 G:/Cytonn task/task-api/vendor/laravel/framework/src/Illuminate/Foundation/Exceptions/Handler.php(556): Illuminate/Foundation/Exceptions/Handler->prepareResponse(Object(Illuminate/Http/Request), Object(Symfony/Component/HttpKernel/Exception/HttpException))
#22 G:/Cytonn task/task-api/vendor/laravel/framework/src/Illuminate/Foundation/Exceptions/Handler.php(473): Illuminate/Foundation/Exceptions/Handler->renderExceptionResponse(Object(Illuminate/Http/Request), Object(TypeError))
#23 G:/Cytonn task/task-api/vendor/laravel/framework/src/Illuminate/Foundation/Http/Kernel.php(509): Illuminate/Foundation/Exceptions/Handler->render(Object(Illuminate/Http/Request), Object(TypeError))
#24 G:/Cytonn task/task-api/vendor/laravel/framework/src/Illuminate/Foundation/Http/Kernel.php(148): Illuminate/Foundation/Http/Kernel->renderException(Object(Illuminate/Http/Request), Object(TypeError))
#25 G:/Cytonn task/task-api/public/index.php(36): Illuminate/Foundation/Http/Kernel->handle(Object(Illuminate/Http/Request))
#26 G:/Cytonn task/task-api/vendor/laravel/framework/src/Illuminate/Foundation/resources/server.php(16): require_once('G://Cytonn task//...')
#27 {main}
"} 
[2026-03-30 10:21:45] production.ERROR: Uncaught TypeError: Illuminate\View\FileViewFinder::__construct(): Argument #2 ($paths) must be of type array, null given, called in G:\Cytonn task\task-api\vendor\laravel\framework\src\Illuminate\View\ViewServiceProvider.php on line 85 and defined in G:\Cytonn task\task-api\vendor\laravel\framework\src\Illuminate\View\FileViewFinder.php:53
Stack trace:
#0 G:\Cytonn task\task-api\vendor\laravel\framework\src\Illuminate\View\ViewServiceProvider.php(85): Illuminate\View\FileViewFinder->__construct(Object(Illuminate\Filesystem\Filesystem), NULL)
#1 G:\Cytonn task\task-api\vendor\laravel\framework\src\Illuminate\Container\Container.php(908): Illuminate\View\ViewServiceProvider->Illuminate\View\{closure}(Object(Illuminate\Foundation\Application), Array)
#2 G:\Cytonn task\task-api\vendor\laravel\framework\src\Illuminate\Container\Container.php(795): Illuminate\Container\Container->build(Object(Closure))
#3 G:\Cytonn task\task-api\vendor\laravel\framework\src\Illuminate\Foundation\Application.php(986): Illuminate\Container\Container->resolve('view.finder', Array, true)
#4 G:\Cytonn task\task-api\vendor\laravel\framework\src\Illuminate\Container\Container.php(731): Illuminate\Foundation\Application->resolve('view.finder', Array)
#5 G:\Cytonn task\task-api\vendor\laravel\framework\src\Illuminate\Foundation\Application.php(971): Illuminate\Container\Container->make('view.finder', Array)
#6 G:\Cytonn task\task-api\vendor\laravel\framework\src\Illuminate\Container\Container.php(1454): Illuminate\Foundation\Application->make('view.finder')
#7 G:\Cytonn task\task-api\vendor\laravel\framework\src\Illuminate\View\ViewServiceProvider.php(45): Illuminate\Container\Container->offsetGet('view.finder')
#8 G:\Cytonn task\task-api\vendor\laravel\framework\src\Illuminate\Container\Container.php(908): Illuminate\View\ViewServiceProvider->Illuminate\View\{closure}(Object(Illuminate\Foundation\Application), Array)
#9 G:\Cytonn task\task-api\vendor\laravel\framework\src\Illuminate\Container\Container.php(795): Illuminate\Container\Container->build(Object(Closure))
#10 G:\Cytonn task\task-api\vendor\laravel\framework\src\Illuminate\Foundation\Application.php(986): Illuminate\Container\Container->resolve('view', Array, true)
#11 G:\Cytonn task\task-api\vendor\laravel\framework\src\Illuminate\Container\Container.php(731): Illuminate\Foundation\Application->resolve('view', Array)
#12 G:\Cytonn task\task-api\vendor\laravel\framework\src\Illuminate\Foundation\Application.php(971): Illuminate\Container\Container->make('view', Array)
#13 G:\Cytonn task\task-api\vendor\laravel\framework\src\Illuminate\Container\Container.php(1454): Illuminate\Foundation\Application->make('view')
#14 G:\Cytonn task\task-api\vendor\laravel\framework\src\Illuminate\Support\Facades\Facade.php(237): Illuminate\Container\Container->offsetGet('view')
#15 G:\Cytonn task\task-api\vendor\laravel\framework\src\Illuminate\Support\Facades\Facade.php(208): Illuminate\Support\Facades\Facade::resolveFacadeInstance('view')
#16 G:\Cytonn task\task-api\vendor\laravel\framework\src\Illuminate\Support\Facades\Facade.php(349): Illuminate\Support\Facades\Facade::getFacadeRoot()
#17 G:\Cytonn task\task-api\vendor\laravel\framework\src\Illuminate\Foundation\Exceptions\RegisterErrorViewPaths.php(16): Illuminate\Support\Facades\Facade::__callStatic('replaceNamespac...', Array)
#18 G:\Cytonn task\task-api\vendor\laravel\framework\src\Illuminate\Foundation\Exceptions\Handler.php(744): Illuminate\Foundation\Exceptions\RegisterErrorViewPaths->__invoke()
#19 G:\Cytonn task\task-api\vendor\laravel\framework\src\Illuminate\Foundation\Exceptions\Handler.php(719): Illuminate\Foundation\Exceptions\Handler->registerErrorViewPaths()
#20 G:\Cytonn task\task-api\vendor\laravel\framework\src\Illuminate\Foundation\Exceptions\Handler.php(650): Illuminate\Foundation\Exceptions\Handler->renderHttpException(Object(Symfony\Component\HttpKernel\Exception\HttpException))
#21 G:\Cytonn task\task-api\vendor\laravel\framework\src\Illuminate\Foundation\Exceptions\Handler.php(556): Illuminate\Foundation\Exceptions\Handler->prepareResponse(Object(Illuminate\Http\Request), Object(Symfony\Component\HttpKernel\Exception\HttpException))
#22 G:\Cytonn task\task-api\vendor\laravel\framework\src\Illuminate\Foundation\Exceptions\Handler.php(473): Illuminate\Foundation\Exceptions\Handler->renderExceptionResponse(Object(Illuminate\Http\Request), Object(TypeError))
#23 G:\Cytonn task\task-api\vendor\laravel\framework\src\Illuminate\Foundation\Bootstrap\HandleExceptions.php(218): Illuminate\Foundation\Exceptions\Handler->render(Object(Illuminate\Http\Request), Object(TypeError))
#24 G:\Cytonn task\task-api\vendor\laravel\framework\src\Illuminate\Foundation\Bootstrap\HandleExceptions.php(195): Illuminate\Foundation\Bootstrap\HandleExceptions->renderHttpResponse(Object(TypeError))
#25 G:\Cytonn task\task-api\vendor\laravel\framework\src\Illuminate\Foundation\Bootstrap\HandleExceptions.php(255): Illuminate\Foundation\Bootstrap\HandleExceptions->handleException(Object(TypeError))
#26 [internal function]: Illuminate\Foundation\Bootstrap\HandleExceptions->Illuminate\Foundation\Bootstrap\{closure}(Object(TypeError))
#27 {main}
  thrown {"exception":"[object] (Symfony\\Component\\ErrorHandler\\Error\\FatalError(code: 0): Uncaught TypeError: Illuminate\\View\\FileViewFinder::__construct(): Argument #2 ($paths) must be of type array, null given, called in G:\\Cytonn task\\task-api\\vendor\\laravel\\framework\\src\\Illuminate\\View\\ViewServiceProvider.php on line 85 and defined in G:\\Cytonn task\\task-api\\vendor\\laravel\\framework\\src\\Illuminate\\View\\FileViewFinder.php:53
Stack trace:
#0 G:\\Cytonn task\\task-api\\vendor\\laravel\\framework\\src\\Illuminate\\View\\ViewServiceProvider.php(85): Illuminate\\View\\FileViewFinder->__construct(Object(Illuminate\\Filesystem\\Filesystem), NULL)
#1 G:\\Cytonn task\\task-api\\vendor\\laravel\\framework\\src\\Illuminate\\Container\\Container.php(908): Illuminate\\View\\ViewServiceProvider->Illuminate\\View\\{closure}(Object(Illuminate\\Foundation\\Application), Array)
#2 G:\\Cytonn task\\task-api\\vendor\\laravel\\framework\\src\\Illuminate\\Container\\Container.php(795): Illuminate\\Container\\Container->build(Object(Closure))
#3 G:\\Cytonn task\\task-api\\vendor\\laravel\\framework\\src\\Illuminate\\Foundation\\Application.php(986): Illuminate\\Container\\Container->resolve('view.finder', Array, true)
#4 G:\\Cytonn task\\task-api\\vendor\\laravel\\framework\\src\\Illuminate\\Container\\Container.php(731): Illuminate\\Foundation\\Application->resolve('view.finder', Array)
#5 G:\\Cytonn task\\task-api\\vendor\\laravel\\framework\\src\\Illuminate\\Foundation\\Application.php(971): Illuminate\\Container\\Container->make('view.finder', Array)
#6 G:\\Cytonn task\\task-api\\vendor\\laravel\\framework\\src\\Illuminate\\Container\\Container.php(1454): Illuminate\\Foundation\\Application->make('view.finder')
#7 G:\\Cytonn task\\task-api\\vendor\\laravel\\framework\\src\\Illuminate\\View\\ViewServiceProvider.php(45): Illuminate\\Container\\Container->offsetGet('view.finder')
#8 G:\\Cytonn task\\task-api\\vendor\\laravel\\framework\\src\\Illuminate\\Container\\Container.php(908): Illuminate\\View\\ViewServiceProvider->Illuminate\\View\\{closure}(Object(Illuminate\\Foundation\\Application), Array)
#9 G:\\Cytonn task\\task-api\\vendor\\laravel\\framework\\src\\Illuminate\\Container\\Container.php(795): Illuminate\\Container\\Container->build(Object(Closure))
#10 G:\\Cytonn task\\task-api\\vendor\\laravel\\framework\\src\\Illuminate\\Foundation\\Application.php(986): Illuminate\\Container\\Container->resolve('view', Array, true)
#11 G:\\Cytonn task\\task-api\\vendor\\laravel\\framework\\src\\Illuminate\\Container\\Container.php(731): Illuminate\\Foundation\\Application->resolve('view', Array)
#12 G:\\Cytonn task\\task-api\\vendor\\laravel\\framework\\src\\Illuminate\\Foundation\\Application.php(971): Illuminate\\Container\\Container->make('view', Array)
#13 G:\\Cytonn task\\task-api\\vendor\\laravel\\framework\\src\\Illuminate\\Container\\Container.php(1454): Illuminate\\Foundation\\Application->make('view')
#14 G:\\Cytonn task\\task-api\\vendor\\laravel\\framework\\src\\Illuminate\\Support\\Facades\\Facade.php(237): Illuminate\\Container\\Container->offsetGet('view')
#15 G:\\Cytonn task\\task-api\\vendor\\laravel\\framework\\src\\Illuminate\\Support\\Facades\\Facade.php(208): Illuminate\\Support\\Facades\\Facade::resolveFacadeInstance('view')
#16 G:\\Cytonn task\\task-api\\vendor\\laravel\\framework\\src\\Illuminate\\Support\\Facades\\Facade.php(349): Illuminate\\Support\\Facades\\Facade::getFacadeRoot()
#17 G:\\Cytonn task\\task-api\\vendor\\laravel\\framework\\src\\Illuminate\\Foundation\\Exceptions\\RegisterErrorViewPaths.php(16): Illuminate\\Support\\Facades\\Facade::__callStatic('replaceNamespac...', Array)
#18 G:\\Cytonn task\\task-api\\vendor\\laravel\\framework\\src\\Illuminate\\Foundation\\Exceptions\\Handler.php(744): Illuminate\\Foundation\\Exceptions\\RegisterErrorViewPaths->__invoke()
#19 G:\\Cytonn task\\task-api\\vendor\\laravel\\framework\\src\\Illuminate\\Foundation\\Exceptions\\Handler.php(719): Illuminate\\Foundation\\Exceptions\\Handler->registerErrorViewPaths()
#20 G:\\Cytonn task\\task-api\\vendor\\laravel\\framework\\src\\Illuminate\\Foundation\\Exceptions\\Handler.php(650): Illuminate\\Foundation\\Exceptions\\Handler->renderHttpException(Object(Symfony\\Component\\HttpKernel\\Exception\\HttpException))
#21 G:\\Cytonn task\\task-api\\vendor\\laravel\\framework\\src\\Illuminate\\Foundation\\Exceptions\\Handler.php(556): Illuminate\\Foundation\\Exceptions\\Handler->prepareResponse(Object(Illuminate\\Http\\Request), Object(Symfony\\Component\\HttpKernel\\Exception\\HttpException))
#22 G:\\Cytonn task\\task-api\\vendor\\laravel\\framework\\src\\Illuminate\\Foundation\\Exceptions\\Handler.php(473): Illuminate\\Foundation\\Exceptions\\Handler->renderExceptionResponse(Object(Illuminate\\Http\\Request), Object(TypeError))
#23 G:\\Cytonn task\\task-api\\vendor\\laravel\\framework\\src\\Illuminate\\Foundation\\Bootstrap\\HandleExceptions.php(218): Illuminate\\Foundation\\Exceptions\\Handler->render(Object(Illuminate\\Http\\Request), Object(TypeError))
#24 G:\\Cytonn task\\task-api\\vendor\\laravel\\framework\\src\\Illuminate\\Foundation\\Bootstrap\\HandleExceptions.php(195): Illuminate\\Foundation\\Bootstrap\\HandleExceptions->renderHttpResponse(Object(TypeError))
#25 G:\\Cytonn task\\task-api\\vendor\\laravel\\framework\\src\\Illuminate\\Foundation\\Bootstrap\\HandleExceptions.php(255): Illuminate\\Foundation\\Bootstrap\\HandleExceptions->handleException(Object(TypeError))
#26 [internal function]: Illuminate\\Foundation\\Bootstrap\\HandleExceptions->Illuminate\\Foundation\\Bootstrap\\{closure}(Object(TypeError))
#27 {main}
  thrown at G:/Cytonn task/task-api/vendor/laravel/framework/src/Illuminate/View/FileViewFinder.php:53)
[stacktrace]
#0 {main}
"} 
[2026-03-30 10:29:50] production.ERROR: Class "Illuminate\Foundation\Http\Middleware\TrustProxies" not found {"exception":"[object] (Error(code: 0): Class \"Illuminate\\Foundation\\Http\\Middleware\\TrustProxies\" not found at G:/Cytonn task/task-api/app/Http/Middleware/TrustProxies.php:8)
[stacktrace]
#0 G:/Cytonn task/task-api/vendor/composer/ClassLoader.php(576): include()
#1 G:/Cytonn task/task-api/vendor/composer/ClassLoader.php(427): Composer/Autoload/{closure}('G://Cytonn task//...')
#2 [internal function]: Composer/Autoload/ClassLoader->loadClass('App//Http//Middle...')
#3 G:/Cytonn task/task-api/vendor/laravel/framework/src/Illuminate/Container/Container.php(912): ReflectionClass->__construct('App//Http//Middle...')
#4 G:/Cytonn task/task-api/vendor/laravel/framework/src/Illuminate/Container/Container.php(795): Illuminate/Container/Container->build('App//Http//Middle...')
#5 G:/Cytonn task/task-api/vendor/laravel/framework/src/Illuminate/Foundation/Application.php(986): Illuminate/Container/Container->resolve('App//Http//Middle...', Array, true)
#6 G:/Cytonn task/task-api/vendor/laravel/framework/src/Illuminate/Container/Container.php(731): Illuminate/Foundation/Application->resolve('App//Http//Middle...', Array)
#7 G:/Cytonn task/task-api/vendor/laravel/framework/src/Illuminate/Foundation/Application.php(971): Illuminate/Container/Container->make('App//Http//Middle...', Array)
#8 G:/Cytonn task/task-api/vendor/laravel/framework/src/Illuminate/Pipeline/Pipeline.php(172): Illuminate/Foundation/Application->make('App//Http//Middle...')
#9 G:/Cytonn task/task-api/vendor/laravel/framework/src/Illuminate/Pipeline/Pipeline.php(119): Illuminate/Pipeline/Pipeline->Illuminate/Pipeline/{closure}(Object(Illuminate/Http/Request))
#10 G:/Cytonn task/task-api/vendor/laravel/framework/src/Illuminate/Foundation/Http/Kernel.php(175): Illuminate/Pipeline/Pipeline->then(Object(Closure))
#11 G:/Cytonn task/task-api/vendor/laravel/framework/src/Illuminate/Foundation/Http/Kernel.php(144): Illuminate/Foundation/Http/Kernel->sendRequestThroughRouter(Object(Illuminate/Http/Request))
#12 G:/Cytonn task/task-api/public/index.php(36): Illuminate/Foundation/Http/Kernel->handle(Object(Illuminate/Http/Request))
#13 G:/Cytonn task/task-api/vendor/laravel/framework/src/Illuminate/Foundation/resources/server.php(16): require_once('G://Cytonn task//...')
#14 {main}
"} 
[2026-03-30 10:29:50] production.ERROR: Illuminate\View\FileViewFinder::__construct(): Argument #2 ($paths) must be of type array, null given, called in G:\Cytonn task\task-api\vendor\laravel\framework\src\Illuminate\View\ViewServiceProvider.php on line 85 {"exception":"[object] (TypeError(code: 0): Illuminate\\View\\FileViewFinder::__construct(): Argument #2 ($paths) must be of type array, null given, called in G:\\Cytonn task\\task-api\\vendor\\laravel\\framework\\src\\Illuminate\\View\\ViewServiceProvider.php on line 85 at G:/Cytonn task/task-api/vendor/laravel/framework/src/Illuminate/View/FileViewFinder.php:53)
[stacktrace]
#0 G:/Cytonn task/task-api/vendor/laravel/framework/src/Illuminate/View/ViewServiceProvider.php(85): Illuminate/View/FileViewFinder->__construct(Object(Illuminate/Filesystem/Filesystem), NULL)
#1 G:/Cytonn task/task-api/vendor/laravel/framework/src/Illuminate/Container/Container.php(908): Illuminate/View/ViewServiceProvider->Illuminate/View/{closure}(Object(Illuminate/Foundation/Application), Array)
#2 G:/Cytonn task/task-api/vendor/laravel/framework/src/Illuminate/Container/Container.php(795): Illuminate/Container/Container->build(Object(Closure))
#3 G:/Cytonn task/task-api/vendor/laravel/framework/src/Illuminate/Foundation/Application.php(986): Illuminate/Container/Container->resolve('view.finder', Array, true)
#4 G:/Cytonn task/task-api/vendor/laravel/framework/src/Illuminate/Container/Container.php(731): Illuminate/Foundation/Application->resolve('view.finder', Array)
#5 G:/Cytonn task/task-api/vendor/laravel/framework/src/Illuminate/Foundation/Application.php(971): Illuminate/Container/Container->make('view.finder', Array)
#6 G:/Cytonn task/task-api/vendor/laravel/framework/src/Illuminate/Container/Container.php(1454): Illuminate/Foundation/Application->make('view.finder')
#7 G:/Cytonn task/task-api/vendor/laravel/framework/src/Illuminate/View/ViewServiceProvider.php(45): Illuminate/Container/Container->offsetGet('view.finder')
#8 G:/Cytonn task/task-api/vendor/laravel/framework/src/Illuminate/Container/Container.php(908): Illuminate/View/ViewServiceProvider->Illuminate/View/{closure}(Object(Illuminate/Foundation/Application), Array)
#9 G:/Cytonn task/task-api/vendor/laravel/framework/src/Illuminate/Container/Container.php(795): Illuminate/Container/Container->build(Object(Closure))
#10 G:/Cytonn task/task-api/vendor/laravel/framework/src/Illuminate/Foundation/Application.php(986): Illuminate/Container/Container->resolve('view', Array, true)
#11 G:/Cytonn task/task-api/vendor/laravel/framework/src/Illuminate/Container/Container.php(731): Illuminate/Foundation/Application->resolve('view', Array)
#12 G:/Cytonn task/task-api/vendor/laravel/framework/src/Illuminate/Foundation/Application.php(971): Illuminate/Container/Container->make('view', Array)
#13 G:/Cytonn task/task-api/vendor/laravel/framework/src/Illuminate/Container/Container.php(1454): Illuminate/Foundation/Application->make('view')
#14 G:/Cytonn task/task-api/vendor/laravel/framework/src/Illuminate/Support/Facades/Facade.php(237): Illuminate/Container/Container->offsetGet('view')
#15 G:/Cytonn task/task-api/vendor/laravel/framework/src/Illuminate/Support/Facades/Facade.php(208): Illuminate/Support/Facades/Facade::resolveFacadeInstance('view')
#16 G:/Cytonn task/task-api/vendor/laravel/framework/src/Illuminate/Support/Facades/Facade.php(349): Illuminate/Support/Facades/Facade::getFacadeRoot()
#17 G:/Cytonn task/task-api/vendor/laravel/framework/src/Illuminate/Foundation/Exceptions/RegisterErrorViewPaths.php(16): Illuminate/Support/Facades/Facade::__callStatic('replaceNamespac...', Array)
#18 G:/Cytonn task/task-api/vendor/laravel/framework/src/Illuminate/Foundation/Exceptions/Handler.php(744): Illuminate/Foundation/Exceptions/RegisterErrorViewPaths->__invoke()
#19 G:/Cytonn task/task-api/vendor/laravel/framework/src/Illuminate/Foundation/Exceptions/Handler.php(719): Illuminate/Foundation/Exceptions/Handler->registerErrorViewPaths()
#20 G:/Cytonn task/task-api/vendor/laravel/framework/src/Illuminate/Foundation/Exceptions/Handler.php(650): Illuminate/Foundation/Exceptions/Handler->renderHttpException(Object(Symfony/Component/HttpKernel/Exception/HttpException))
#21 G:/Cytonn task/task-api/vendor/laravel/framework/src/Illuminate/Foundation/Exceptions/Handler.php(556): Illuminate/Foundation/Exceptions/Handler->prepareResponse(Object(Illuminate/Http/Request), Object(Symfony/Component/HttpKernel/Exception/HttpException))
#22 G:/Cytonn task/task-api/vendor/laravel/framework/src/Illuminate/Foundation/Exceptions/Handler.php(473): Illuminate/Foundation/Exceptions/Handler->renderExceptionResponse(Object(Illuminate/Http/Request), Object(Error))
#23 G:/Cytonn task/task-api/vendor/laravel/framework/src/Illuminate/Routing/Pipeline.php(51): Illuminate/Foundation/Exceptions/Handler->render(Object(Illuminate/Http/Request), Object(Error))
#24 G:/Cytonn task/task-api/vendor/laravel/framework/src/Illuminate/Pipeline/Pipeline.php(188): Illuminate/Routing/Pipeline->handleException(Object(Illuminate/Http/Request), Object(Error))
#25 G:/Cytonn task/task-api/vendor/laravel/framework/src/Illuminate/Pipeline/Pipeline.php(119): Illuminate/Pipeline/Pipeline->Illuminate/Pipeline/{closure}(Object(Illuminate/Http/Request))
#26 G:/Cytonn task/task-api/vendor/laravel/framework/src/Illuminate/Foundation/Http/Kernel.php(175): Illuminate/Pipeline/Pipeline->then(Object(Closure))
#27 G:/Cytonn task/task-api/vendor/laravel/framework/src/Illuminate/Foundation/Http/Kernel.php(144): Illuminate/Foundation/Http/Kernel->sendRequestThroughRouter(Object(Illuminate/Http/Request))
#28 G:/Cytonn task/task-api/public/index.php(36): Illuminate/Foundation/Http/Kernel->handle(Object(Illuminate/Http/Request))
#29 G:/Cytonn task/task-api/vendor/laravel/framework/src/Illuminate/Foundation/resources/server.php(16): require_once('G://Cytonn task//...')
#30 {main}
"} 
[2026-03-30 10:29:50] production.ERROR: Illuminate\View\FileViewFinder::__construct(): Argument #2 ($paths) must be of type array, null given, called in G:\Cytonn task\task-api\vendor\laravel\framework\src\Illuminate\View\ViewServiceProvider.php on line 85 {"exception":"[object] (TypeError(code: 0): Illuminate\\View\\FileViewFinder::__construct(): Argument #2 ($paths) must be of type array, null given, called in G:\\Cytonn task\\task-api\\vendor\\laravel\\framework\\src\\Illuminate\\View\\ViewServiceProvider.php on line 85 at G:/Cytonn task/task-api/vendor/laravel/framework/src/Illuminate/View/FileViewFinder.php:53)
[stacktrace]
#0 G:/Cytonn task/task-api/vendor/laravel/framework/src/Illuminate/View/ViewServiceProvider.php(85): Illuminate/View/FileViewFinder->__construct(Object(Illuminate/Filesystem/Filesystem), NULL)
#1 G:/Cytonn task/task-api/vendor/laravel/framework/src/Illuminate/Container/Container.php(908): Illuminate/View/ViewServiceProvider->Illuminate/View/{closure}(Object(Illuminate/Foundation/Application), Array)
#2 G:/Cytonn task/task-api/vendor/laravel/framework/src/Illuminate/Container/Container.php(795): Illuminate/Container/Container->build(Object(Closure))
#3 G:/Cytonn task/task-api/vendor/laravel/framework/src/Illuminate/Foundation/Application.php(986): Illuminate/Container/Container->resolve('view.finder', Array, true)
#4 G:/Cytonn task/task-api/vendor/laravel/framework/src/Illuminate/Container/Container.php(731): Illuminate/Foundation/Application->resolve('view.finder', Array)
#5 G:/Cytonn task/task-api/vendor/laravel/framework/src/Illuminate/Foundation/Application.php(971): Illuminate/Container/Container->make('view.finder', Array)
#6 G:/Cytonn task/task-api/vendor/laravel/framework/src/Illuminate/Container/Container.php(1454): Illuminate/Foundation/Application->make('view.finder')
#7 G:/Cytonn task/task-api/vendor/laravel/framework/src/Illuminate/View/ViewServiceProvider.php(45): Illuminate/Container/Container->offsetGet('view.finder')
#8 G:/Cytonn task/task-api/vendor/laravel/framework/src/Illuminate/Container/Container.php(908): Illuminate/View/ViewServiceProvider->Illuminate/View/{closure}(Object(Illuminate/Foundation/Application), Array)
#9 G:/Cytonn task/task-api/vendor/laravel/framework/src/Illuminate/Container/Container.php(795): Illuminate/Container/Container->build(Object(Closure))
#10 G:/Cytonn task/task-api/vendor/laravel/framework/src/Illuminate/Foundation/Application.php(986): Illuminate/Container/Container->resolve('view', Array, true)
#11 G:/Cytonn task/task-api/vendor/laravel/framework/src/Illuminate/Container/Container.php(731): Illuminate/Foundation/Application->resolve('view', Array)
#12 G:/Cytonn task/task-api/vendor/laravel/framework/src/Illuminate/Foundation/Application.php(971): Illuminate/Container/Container->make('view', Array)
#13 G:/Cytonn task/task-api/vendor/laravel/framework/src/Illuminate/Container/Container.php(1454): Illuminate/Foundation/Application->make('view')
#14 G:/Cytonn task/task-api/vendor/laravel/framework/src/Illuminate/Support/Facades/Facade.php(237): Illuminate/Container/Container->offsetGet('view')
#15 G:/Cytonn task/task-api/vendor/laravel/framework/src/Illuminate/Support/Facades/Facade.php(208): Illuminate/Support/Facades/Facade::resolveFacadeInstance('view')
#16 G:/Cytonn task/task-api/vendor/laravel/framework/src/Illuminate/Support/Facades/Facade.php(349): Illuminate/Support/Facades/Facade::getFacadeRoot()
#17 G:/Cytonn task/task-api/vendor/laravel/framework/src/Illuminate/Foundation/Exceptions/RegisterErrorViewPaths.php(16): Illuminate/Support/Facades/Facade::__callStatic('replaceNamespac...', Array)
#18 G:/Cytonn task/task-api/vendor/laravel/framework/src/Illuminate/Foundation/Exceptions/Handler.php(744): Illuminate/Foundation/Exceptions/RegisterErrorViewPaths->__invoke()
#19 G:/Cytonn task/task-api/vendor/laravel/framework/src/Illuminate/Foundation/Exceptions/Handler.php(719): Illuminate/Foundation/Exceptions/Handler->registerErrorViewPaths()
#20 G:/Cytonn task/task-api/vendor/laravel/framework/src/Illuminate/Foundation/Exceptions/Handler.php(650): Illuminate/Foundation/Exceptions/Handler->renderHttpException(Object(Symfony/Component/HttpKernel/Exception/HttpException))
#21 G:/Cytonn task/task-api/vendor/laravel/framework/src/Illuminate/Foundation/Exceptions/Handler.php(556): Illuminate/Foundation/Exceptions/Handler->prepareResponse(Object(Illuminate/Http/Request), Object(Symfony/Component/HttpKernel/Exception/HttpException))
#22 G:/Cytonn task/task-api/vendor/laravel/framework/src/Illuminate/Foundation/Exceptions/Handler.php(473): Illuminate/Foundation/Exceptions/Handler->renderExceptionResponse(Object(Illuminate/Http/Request), Object(TypeError))
#23 G:/Cytonn task/task-api/vendor/laravel/framework/src/Illuminate/Foundation/Http/Kernel.php(509): Illuminate/Foundation/Exceptions/Handler->render(Object(Illuminate/Http/Request), Object(TypeError))
#24 G:/Cytonn task/task-api/vendor/laravel/framework/src/Illuminate/Foundation/Http/Kernel.php(148): Illuminate/Foundation/Http/Kernel->renderException(Object(Illuminate/Http/Request), Object(TypeError))
#25 G:/Cytonn task/task-api/public/index.php(36): Illuminate/Foundation/Http/Kernel->handle(Object(Illuminate/Http/Request))
#26 G:/Cytonn task/task-api/vendor/laravel/framework/src/Illuminate/Foundation/resources/server.php(16): require_once('G://Cytonn task//...')
#27 {main}
"} 
[2026-03-30 10:29:50] production.ERROR: Uncaught TypeError: Illuminate\View\FileViewFinder::__construct(): Argument #2 ($paths) must be of type array, null given, called in G:\Cytonn task\task-api\vendor\laravel\framework\src\Illuminate\View\ViewServiceProvider.php on line 85 and defined in G:\Cytonn task\task-api\vendor\laravel\framework\src\Illuminate\View\FileViewFinder.php:53
Stack trace:
#0 G:\Cytonn task\task-api\vendor\laravel\framework\src\Illuminate\View\ViewServiceProvider.php(85): Illuminate\View\FileViewFinder->__construct(Object(Illuminate\Filesystem\Filesystem), NULL)
#1 G:\Cytonn task\task-api\vendor\laravel\framework\src\Illuminate\Container\Container.php(908): Illuminate\View\ViewServiceProvider->Illuminate\View\{closure}(Object(Illuminate\Foundation\Application), Array)
#2 G:\Cytonn task\task-api\vendor\laravel\framework\src\Illuminate\Container\Container.php(795): Illuminate\Container\Container->build(Object(Closure))
#3 G:\Cytonn task\task-api\vendor\laravel\framework\src\Illuminate\Foundation\Application.php(986): Illuminate\Container\Container->resolve('view.finder', Array, true)
#4 G:\Cytonn task\task-api\vendor\laravel\framework\src\Illuminate\Container\Container.php(731): Illuminate\Foundation\Application->resolve('view.finder', Array)
#5 G:\Cytonn task\task-api\vendor\laravel\framework\src\Illuminate\Foundation\Application.php(971): Illuminate\Container\Container->make('view.finder', Array)
#6 G:\Cytonn task\task-api\vendor\laravel\framework\src\Illuminate\Container\Container.php(1454): Illuminate\Foundation\Application->make('view.finder')
#7 G:\Cytonn task\task-api\vendor\laravel\framework\src\Illuminate\View\ViewServiceProvider.php(45): Illuminate\Container\Container->offsetGet('view.finder')
#8 G:\Cytonn task\task-api\vendor\laravel\framework\src\Illuminate\Container\Container.php(908): Illuminate\View\ViewServiceProvider->Illuminate\View\{closure}(Object(Illuminate\Foundation\Application), Array)
#9 G:\Cytonn task\task-api\vendor\laravel\framework\src\Illuminate\Container\Container.php(795): Illuminate\Container\Container->build(Object(Closure))
#10 G:\Cytonn task\task-api\vendor\laravel\framework\src\Illuminate\Foundation\Application.php(986): Illuminate\Container\Container->resolve('view', Array, true)
#11 G:\Cytonn task\task-api\vendor\laravel\framework\src\Illuminate\Container\Container.php(731): Illuminate\Foundation\Application->resolve('view', Array)
#12 G:\Cytonn task\task-api\vendor\laravel\framework\src\Illuminate\Foundation\Application.php(971): Illuminate\Container\Container->make('view', Array)
#13 G:\Cytonn task\task-api\vendor\laravel\framework\src\Illuminate\Container\Container.php(1454): Illuminate\Foundation\Application->make('view')
#14 G:\Cytonn task\task-api\vendor\laravel\framework\src\Illuminate\Support\Facades\Facade.php(237): Illuminate\Container\Container->offsetGet('view')
#15 G:\Cytonn task\task-api\vendor\laravel\framework\src\Illuminate\Support\Facades\Facade.php(208): Illuminate\Support\Facades\Facade::resolveFacadeInstance('view')
#16 G:\Cytonn task\task-api\vendor\laravel\framework\src\Illuminate\Support\Facades\Facade.php(349): Illuminate\Support\Facades\Facade::getFacadeRoot()
#17 G:\Cytonn task\task-api\vendor\laravel\framework\src\Illuminate\Foundation\Exceptions\RegisterErrorViewPaths.php(16): Illuminate\Support\Facades\Facade::__callStatic('replaceNamespac...', Array)
#18 G:\Cytonn task\task-api\vendor\laravel\framework\src\Illuminate\Foundation\Exceptions\Handler.php(744): Illuminate\Foundation\Exceptions\RegisterErrorViewPaths->__invoke()
#19 G:\Cytonn task\task-api\vendor\laravel\framework\src\Illuminate\Foundation\Exceptions\Handler.php(719): Illuminate\Foundation\Exceptions\Handler->registerErrorViewPaths()
#20 G:\Cytonn task\task-api\vendor\laravel\framework\src\Illuminate\Foundation\Exceptions\Handler.php(650): Illuminate\Foundation\Exceptions\Handler->renderHttpException(Object(Symfony\Component\HttpKernel\Exception\HttpException))
#21 G:\Cytonn task\task-api\vendor\laravel\framework\src\Illuminate\Foundation\Exceptions\Handler.php(556): Illuminate\Foundation\Exceptions\Handler->prepareResponse(Object(Illuminate\Http\Request), Object(Symfony\Component\HttpKernel\Exception\HttpException))
#22 G:\Cytonn task\task-api\vendor\laravel\framework\src\Illuminate\Foundation\Exceptions\Handler.php(473): Illuminate\Foundation\Exceptions\Handler->renderExceptionResponse(Object(Illuminate\Http\Request), Object(TypeError))
#23 G:\Cytonn task\task-api\vendor\laravel\framework\src\Illuminate\Foundation\Bootstrap\HandleExceptions.php(218): Illuminate\Foundation\Exceptions\Handler->render(Object(Illuminate\Http\Request), Object(TypeError))
#24 G:\Cytonn task\task-api\vendor\laravel\framework\src\Illuminate\Foundation\Bootstrap\HandleExceptions.php(195): Illuminate\Foundation\Bootstrap\HandleExceptions->renderHttpResponse(Object(TypeError))
#25 G:\Cytonn task\task-api\vendor\laravel\framework\src\Illuminate\Foundation\Bootstrap\HandleExceptions.php(255): Illuminate\Foundation\Bootstrap\HandleExceptions->handleException(Object(TypeError))
#26 [internal function]: Illuminate\Foundation\Bootstrap\HandleExceptions->Illuminate\Foundation\Bootstrap\{closure}(Object(TypeError))
#27 {main}
  thrown {"exception":"[object] (Symfony\\Component\\ErrorHandler\\Error\\FatalError(code: 0): Uncaught TypeError: Illuminate\\View\\FileViewFinder::__construct(): Argument #2 ($paths) must be of type array, null given, called in G:\\Cytonn task\\task-api\\vendor\\laravel\\framework\\src\\Illuminate\\View\\ViewServiceProvider.php on line 85 and defined in G:\\Cytonn task\\task-api\\vendor\\laravel\\framework\\src\\Illuminate\\View\\FileViewFinder.php:53
Stack trace:
#0 G:\\Cytonn task\\task-api\\vendor\\laravel\\framework\\src\\Illuminate\\View\\ViewServiceProvider.php(85): Illuminate\\View\\FileViewFinder->__construct(Object(Illuminate\\Filesystem\\Filesystem), NULL)
#1 G:\\Cytonn task\\task-api\\vendor\\laravel\\framework\\src\\Illuminate\\Container\\Container.php(908): Illuminate\\View\\ViewServiceProvider->Illuminate\\View\\{closure}(Object(Illuminate\\Foundation\\Application), Array)
#2 G:\\Cytonn task\\task-api\\vendor\\laravel\\framework\\src\\Illuminate\\Container\\Container.php(795): Illuminate\\Container\\Container->build(Object(Closure))
#3 G:\\Cytonn task\\task-api\\vendor\\laravel\\framework\\src\\Illuminate\\Foundation\\Application.php(986): Illuminate\\Container\\Container->resolve('view.finder', Array, true)
#4 G:\\Cytonn task\\task-api\\vendor\\laravel\\framework\\src\\Illuminate\\Container\\Container.php(731): Illuminate\\Foundation\\Application->resolve('view.finder', Array)
#5 G:\\Cytonn task\\task-api\\vendor\\laravel\\framework\\src\\Illuminate\\Foundation\\Application.php(971): Illuminate\\Container\\Container->make('view.finder', Array)
#6 G:\\Cytonn task\\task-api\\vendor\\laravel\\framework\\src\\Illuminate\\Container\\Container.php(1454): Illuminate\\Foundation\\Application->make('view.finder')
#7 G:\\Cytonn task\\task-api\\vendor\\laravel\\framework\\src\\Illuminate\\View\\ViewServiceProvider.php(45): Illuminate\\Container\\Container->offsetGet('view.finder')
#8 G:\\Cytonn task\\task-api\\vendor\\laravel\\framework\\src\\Illuminate\\Container\\Container.php(908): Illuminate\\View\\ViewServiceProvider->Illuminate\\View\\{closure}(Object(Illuminate\\Foundation\\Application), Array)
#9 G:\\Cytonn task\\task-api\\vendor\\laravel\\framework\\src\\Illuminate\\Container\\Container.php(795): Illuminate\\Container\\Container->build(Object(Closure))
#10 G:\\Cytonn task\\task-api\\vendor\\laravel\\framework\\src\\Illuminate\\Foundation\\Application.php(986): Illuminate\\Container\\Container->resolve('view', Array, true)
#11 G:\\Cytonn task\\task-api\\vendor\\laravel\\framework\\src\\Illuminate\\Container\\Container.php(731): Illuminate\\Foundation\\Application->resolve('view', Array)
#12 G:\\Cytonn task\\task-api\\vendor\\laravel\\framework\\src\\Illuminate\\Foundation\\Application.php(971): Illuminate\\Container\\Container->make('view', Array)
#13 G:\\Cytonn task\\task-api\\vendor\\laravel\\framework\\src\\Illuminate\\Container\\Container.php(1454): Illuminate\\Foundation\\Application->make('view')
#14 G:\\Cytonn task\\task-api\\vendor\\laravel\\framework\\src\\Illuminate\\Support\\Facades\\Facade.php(237): Illuminate\\Container\\Container->offsetGet('view')
#15 G:\\Cytonn task\\task-api\\vendor\\laravel\\framework\\src\\Illuminate\\Support\\Facades\\Facade.php(208): Illuminate\\Support\\Facades\\Facade::resolveFacadeInstance('view')
#16 G:\\Cytonn task\\task-api\\vendor\\laravel\\framework\\src\\Illuminate\\Support\\Facades\\Facade.php(349): Illuminate\\Support\\Facades\\Facade::getFacadeRoot()
#17 G:\\Cytonn task\\task-api\\vendor\\laravel\\framework\\src\\Illuminate\\Foundation\\Exceptions\\RegisterErrorViewPaths.php(16): Illuminate\\Support\\Facades\\Facade::__callStatic('replaceNamespac...', Array)
#18 G:\\Cytonn task\\task-api\\vendor\\laravel\\framework\\src\\Illuminate\\Foundation\\Exceptions\\Handler.php(744): Illuminate\\Foundation\\Exceptions\\RegisterErrorViewPaths->__invoke()
#19 G:\\Cytonn task\\task-api\\vendor\\laravel\\framework\\src\\Illuminate\\Foundation\\Exceptions\\Handler.php(719): Illuminate\\Foundation\\Exceptions\\Handler->registerErrorViewPaths()
#20 G:\\Cytonn task\\task-api\\vendor\\laravel\\framework\\src\\Illuminate\\Foundation\\Exceptions\\Handler.php(650): Illuminate\\Foundation\\Exceptions\\Handler->renderHttpException(Object(Symfony\\Component\\HttpKernel\\Exception\\HttpException))
#21 G:\\Cytonn task\\task-api\\vendor\\laravel\\framework\\src\\Illuminate\\Foundation\\Exceptions\\Handler.php(556): Illuminate\\Foundation\\Exceptions\\Handler->prepareResponse(Object(Illuminate\\Http\\Request), Object(Symfony\\Component\\HttpKernel\\Exception\\HttpException))
#22 G:\\Cytonn task\\task-api\\vendor\\laravel\\framework\\src\\Illuminate\\Foundation\\Exceptions\\Handler.php(473): Illuminate\\Foundation\\Exceptions\\Handler->renderExceptionResponse(Object(Illuminate\\Http\\Request), Object(TypeError))
#23 G:\\Cytonn task\\task-api\\vendor\\laravel\\framework\\src\\Illuminate\\Foundation\\Bootstrap\\HandleExceptions.php(218): Illuminate\\Foundation\\Exceptions\\Handler->render(Object(Illuminate\\Http\\Request), Object(TypeError))
#24 G:\\Cytonn task\\task-api\\vendor\\laravel\\framework\\src\\Illuminate\\Foundation\\Bootstrap\\HandleExceptions.php(195): Illuminate\\Foundation\\Bootstrap\\HandleExceptions->renderHttpResponse(Object(TypeError))
#25 G:\\Cytonn task\\task-api\\vendor\\laravel\\framework\\src\\Illuminate\\Foundation\\Bootstrap\\HandleExceptions.php(255): Illuminate\\Foundation\\Bootstrap\\HandleExceptions->handleException(Object(TypeError))
#26 [internal function]: Illuminate\\Foundation\\Bootstrap\\HandleExceptions->Illuminate\\Foundation\\Bootstrap\\{closure}(Object(TypeError))
#27 {main}
  thrown at G:/Cytonn task/task-api/vendor/laravel/framework/src/Illuminate/View/FileViewFinder.php:53)
[stacktrace]
#0 {main}
"} 
[2026-03-30 10:30:34] production.ERROR: Class "Illuminate\Foundation\Http\Middleware\TrustProxies" not found {"exception":"[object] (Error(code: 0): Class \"Illuminate\\Foundation\\Http\\Middleware\\TrustProxies\" not found at G:/Cytonn task/task-api/app/Http/Middleware/TrustProxies.php:8)
[stacktrace]
#0 G:/Cytonn task/task-api/vendor/composer/ClassLoader.php(576): include()
#1 G:/Cytonn task/task-api/vendor/composer/ClassLoader.php(427): Composer/Autoload/{closure}('G://Cytonn task//...')
#2 [internal function]: Composer/Autoload/ClassLoader->loadClass('App//Http//Middle...')
#3 G:/Cytonn task/task-api/vendor/laravel/framework/src/Illuminate/Container/Container.php(912): ReflectionClass->__construct('App//Http//Middle...')
#4 G:/Cytonn task/task-api/vendor/laravel/framework/src/Illuminate/Container/Container.php(795): Illuminate/Container/Container->build('App//Http//Middle...')
#5 G:/Cytonn task/task-api/vendor/laravel/framework/src/Illuminate/Foundation/Application.php(986): Illuminate/Container/Container->resolve('App//Http//Middle...', Array, true)
#6 G:/Cytonn task/task-api/vendor/laravel/framework/src/Illuminate/Container/Container.php(731): Illuminate/Foundation/Application->resolve('App//Http//Middle...', Array)
#7 G:/Cytonn task/task-api/vendor/laravel/framework/src/Illuminate/Foundation/Application.php(971): Illuminate/Container/Container->make('App//Http//Middle...', Array)
#8 G:/Cytonn task/task-api/vendor/laravel/framework/src/Illuminate/Pipeline/Pipeline.php(172): Illuminate/Foundation/Application->make('App//Http//Middle...')
#9 G:/Cytonn task/task-api/vendor/laravel/framework/src/Illuminate/Pipeline/Pipeline.php(119): Illuminate/Pipeline/Pipeline->Illuminate/Pipeline/{closure}(Object(Illuminate/Http/Request))
#10 G:/Cytonn task/task-api/vendor/laravel/framework/src/Illuminate/Foundation/Http/Kernel.php(175): Illuminate/Pipeline/Pipeline->then(Object(Closure))
#11 G:/Cytonn task/task-api/vendor/laravel/framework/src/Illuminate/Foundation/Http/Kernel.php(144): Illuminate/Foundation/Http/Kernel->sendRequestThroughRouter(Object(Illuminate/Http/Request))
#12 G:/Cytonn task/task-api/public/index.php(36): Illuminate/Foundation/Http/Kernel->handle(Object(Illuminate/Http/Request))
#13 G:/Cytonn task/task-api/vendor/laravel/framework/src/Illuminate/Foundation/resources/server.php(16): require_once('G://Cytonn task//...')
#14 {main}
"} 
[2026-03-30 10:30:34] production.ERROR: Illuminate\View\FileViewFinder::__construct(): Argument #2 ($paths) must be of type array, null given, called in G:\Cytonn task\task-api\vendor\laravel\framework\src\Illuminate\View\ViewServiceProvider.php on line 85 {"exception":"[object] (TypeError(code: 0): Illuminate\\View\\FileViewFinder::__construct(): Argument #2 ($paths) must be of type array, null given, called in G:\\Cytonn task\\task-api\\vendor\\laravel\\framework\\src\\Illuminate\\View\\ViewServiceProvider.php on line 85 at G:/Cytonn task/task-api/vendor/laravel/framework/src/Illuminate/View/FileViewFinder.php:53)
[stacktrace]
#0 G:/Cytonn task/task-api/vendor/laravel/framework/src/Illuminate/View/ViewServiceProvider.php(85): Illuminate/View/FileViewFinder->__construct(Object(Illuminate/Filesystem/Filesystem), NULL)
#1 G:/Cytonn task/task-api/vendor/laravel/framework/src/Illuminate/Container/Container.php(908): Illuminate/View/ViewServiceProvider->Illuminate/View/{closure}(Object(Illuminate/Foundation/Application), Array)
#2 G:/Cytonn task/task-api/vendor/laravel/framework/src/Illuminate/Container/Container.php(795): Illuminate/Container/Container->build(Object(Closure))
#3 G:/Cytonn task/task-api/vendor/laravel/framework/src/Illuminate/Foundation/Application.php(986): Illuminate/Container/Container->resolve('view.finder', Array, true)
#4 G:/Cytonn task/task-api/vendor/laravel/framework/src/Illuminate/Container/Container.php(731): Illuminate/Foundation/Application->resolve('view.finder', Array)
#5 G:/Cytonn task/task-api/vendor/laravel/framework/src/Illuminate/Foundation/Application.php(971): Illuminate/Container/Container->make('view.finder', Array)
#6 G:/Cytonn task/task-api/vendor/laravel/framework/src/Illuminate/Container/Container.php(1454): Illuminate/Foundation/Application->make('view.finder')
#7 G:/Cytonn task/task-api/vendor/laravel/framework/src/Illuminate/View/ViewServiceProvider.php(45): Illuminate/Container/Container->offsetGet('view.finder')
#8 G:/Cytonn task/task-api/vendor/laravel/framework/src/Illuminate/Container/Container.php(908): Illuminate/View/ViewServiceProvider->Illuminate/View/{closure}(Object(Illuminate/Foundation/Application), Array)
#9 G:/Cytonn task/task-api/vendor/laravel/framework/src/Illuminate/Container/Container.php(795): Illuminate/Container/Container->build(Object(Closure))
#10 G:/Cytonn task/task-api/vendor/laravel/framework/src/Illuminate/Foundation/Application.php(986): Illuminate/Container/Container->resolve('view', Array, true)
#11 G:/Cytonn task/task-api/vendor/laravel/framework/src/Illuminate/Container/Container.php(731): Illuminate/Foundation/Application->resolve('view', Array)
#12 G:/Cytonn task/task-api/vendor/laravel/framework/src/Illuminate/Foundation/Application.php(971): Illuminate/Container/Container->make('view', Array)
#13 G:/Cytonn task/task-api/vendor/laravel/framework/src/Illuminate/Container/Container.php(1454): Illuminate/Foundation/Application->make('view')
#14 G:/Cytonn task/task-api/vendor/laravel/framework/src/Illuminate/Support/Facades/Facade.php(237): Illuminate/Container/Container->offsetGet('view')
#15 G:/Cytonn task/task-api/vendor/laravel/framework/src/Illuminate/Support/Facades/Facade.php(208): Illuminate/Support/Facades/Facade::resolveFacadeInstance('view')
#16 G:/Cytonn task/task-api/vendor/laravel/framework/src/Illuminate/Support/Facades/Facade.php(349): Illuminate/Support/Facades/Facade::getFacadeRoot()
#17 G:/Cytonn task/task-api/vendor/laravel/framework/src/Illuminate/Foundation/Exceptions/RegisterErrorViewPaths.php(16): Illuminate/Support/Facades/Facade::__callStatic('replaceNamespac...', Array)
#18 G:/Cytonn task/task-api/vendor/laravel/framework/src/Illuminate/Foundation/Exceptions/Handler.php(744): Illuminate/Foundation/Exceptions/RegisterErrorViewPaths->__invoke()
#19 G:/Cytonn task/task-api/vendor/laravel/framework/src/Illuminate/Foundation/Exceptions/Handler.php(719): Illuminate/Foundation/Exceptions/Handler->registerErrorViewPaths()
#20 G:/Cytonn task/task-api/vendor/laravel/framework/src/Illuminate/Foundation/Exceptions/Handler.php(650): Illuminate/Foundation/Exceptions/Handler->renderHttpException(Object(Symfony/Component/HttpKernel/Exception/HttpException))
#21 G:/Cytonn task/task-api/vendor/laravel/framework/src/Illuminate/Foundation/Exceptions/Handler.php(556): Illuminate/Foundation/Exceptions/Handler->prepareResponse(Object(Illuminate/Http/Request), Object(Symfony/Component/HttpKernel/Exception/HttpException))
#22 G:/Cytonn task/task-api/vendor/laravel/framework/src/Illuminate/Foundation/Exceptions/Handler.php(473): Illuminate/Foundation/Exceptions/Handler->renderExceptionResponse(Object(Illuminate/Http/Request), Object(Error))
#23 G:/Cytonn task/task-api/vendor/laravel/framework/src/Illuminate/Routing/Pipeline.php(51): Illuminate/Foundation/Exceptions/Handler->render(Object(Illuminate/Http/Request), Object(Error))
#24 G:/Cytonn task/task-api/vendor/laravel/framework/src/Illuminate/Pipeline/Pipeline.php(188): Illuminate/Routing/Pipeline->handleException(Object(Illuminate/Http/Request), Object(Error))
#25 G:/Cytonn task/task-api/vendor/laravel/framework/src/Illuminate/Pipeline/Pipeline.php(119): Illuminate/Pipeline/Pipeline->Illuminate/Pipeline/{closure}(Object(Illuminate/Http/Request))
#26 G:/Cytonn task/task-api/vendor/laravel/framework/src/Illuminate/Foundation/Http/Kernel.php(175): Illuminate/Pipeline/Pipeline->then(Object(Closure))
#27 G:/Cytonn task/task-api/vendor/laravel/framework/src/Illuminate/Foundation/Http/Kernel.php(144): Illuminate/Foundation/Http/Kernel->sendRequestThroughRouter(Object(Illuminate/Http/Request))
#28 G:/Cytonn task/task-api/public/index.php(36): Illuminate/Foundation/Http/Kernel->handle(Object(Illuminate/Http/Request))
#29 G:/Cytonn task/task-api/vendor/laravel/framework/src/Illuminate/Foundation/resources/server.php(16): require_once('G://Cytonn task//...')
#30 {main}
"} 
[2026-03-30 10:30:34] production.ERROR: Illuminate\View\FileViewFinder::__construct(): Argument #2 ($paths) must be of type array, null given, called in G:\Cytonn task\task-api\vendor\laravel\framework\src\Illuminate\View\ViewServiceProvider.php on line 85 {"exception":"[object] (TypeError(code: 0): Illuminate\\View\\FileViewFinder::__construct(): Argument #2 ($paths) must be of type array, null given, called in G:\\Cytonn task\\task-api\\vendor\\laravel\\framework\\src\\Illuminate\\View\\ViewServiceProvider.php on line 85 at G:/Cytonn task/task-api/vendor/laravel/framework/src/Illuminate/View/FileViewFinder.php:53)
[stacktrace]
#0 G:/Cytonn task/task-api/vendor/laravel/framework/src/Illuminate/View/ViewServiceProvider.php(85): Illuminate/View/FileViewFinder->__construct(Object(Illuminate/Filesystem/Filesystem), NULL)
#1 G:/Cytonn task/task-api/vendor/laravel/framework/src/Illuminate/Container/Container.php(908): Illuminate/View/ViewServiceProvider->Illuminate/View/{closure}(Object(Illuminate/Foundation/Application), Array)
#2 G:/Cytonn task/task-api/vendor/laravel/framework/src/Illuminate/Container/Container.php(795): Illuminate/Container/Container->build(Object(Closure))
#3 G:/Cytonn task/task-api/vendor/laravel/framework/src/Illuminate/Foundation/Application.php(986): Illuminate/Container/Container->resolve('view.finder', Array, true)
#4 G:/Cytonn task/task-api/vendor/laravel/framework/src/Illuminate/Container/Container.php(731): Illuminate/Foundation/Application->resolve('view.finder', Array)
#5 G:/Cytonn task/task-api/vendor/laravel/framework/src/Illuminate/Foundation/Application.php(971): Illuminate/Container/Container->make('view.finder', Array)
#6 G:/Cytonn task/task-api/vendor/laravel/framework/src/Illuminate/Container/Container.php(1454): Illuminate/Foundation/Application->make('view.finder')
#7 G:/Cytonn task/task-api/vendor/laravel/framework/src/Illuminate/View/ViewServiceProvider.php(45): Illuminate/Container/Container->offsetGet('view.finder')
#8 G:/Cytonn task/task-api/vendor/laravel/framework/src/Illuminate/Container/Container.php(908): Illuminate/View/ViewServiceProvider->Illuminate/View/{closure}(Object(Illuminate/Foundation/Application), Array)
#9 G:/Cytonn task/task-api/vendor/laravel/framework/src/Illuminate/Container/Container.php(795): Illuminate/Container/Container->build(Object(Closure))
#10 G:/Cytonn task/task-api/vendor/laravel/framework/src/Illuminate/Foundation/Application.php(986): Illuminate/Container/Container->resolve('view', Array, true)
#11 G:/Cytonn task/task-api/vendor/laravel/framework/src/Illuminate/Container/Container.php(731): Illuminate/Foundation/Application->resolve('view', Array)
#12 G:/Cytonn task/task-api/vendor/laravel/framework/src/Illuminate/Foundation/Application.php(971): Illuminate/Container/Container->make('view', Array)
#13 G:/Cytonn task/task-api/vendor/laravel/framework/src/Illuminate/Container/Container.php(1454): Illuminate/Foundation/Application->make('view')
#14 G:/Cytonn task/task-api/vendor/laravel/framework/src/Illuminate/Support/Facades/Facade.php(237): Illuminate/Container/Container->offsetGet('view')
#15 G:/Cytonn task/task-api/vendor/laravel/framework/src/Illuminate/Support/Facades/Facade.php(208): Illuminate/Support/Facades/Facade::resolveFacadeInstance('view')
#16 G:/Cytonn task/task-api/vendor/laravel/framework/src/Illuminate/Support/Facades/Facade.php(349): Illuminate/Support/Facades/Facade::getFacadeRoot()
#17 G:/Cytonn task/task-api/vendor/laravel/framework/src/Illuminate/Foundation/Exceptions/RegisterErrorViewPaths.php(16): Illuminate/Support/Facades/Facade::__callStatic('replaceNamespac...', Array)
#18 G:/Cytonn task/task-api/vendor/laravel/framework/src/Illuminate/Foundation/Exceptions/Handler.php(744): Illuminate/Foundation/Exceptions/RegisterErrorViewPaths->__invoke()
#19 G:/Cytonn task/task-api/vendor/laravel/framework/src/Illuminate/Foundation/Exceptions/Handler.php(719): Illuminate/Foundation/Exceptions/Handler->registerErrorViewPaths()
#20 G:/Cytonn task/task-api/vendor/laravel/framework/src/Illuminate/Foundation/Exceptions/Handler.php(650): Illuminate/Foundation/Exceptions/Handler->renderHttpException(Object(Symfony/Component/HttpKernel/Exception/HttpException))
#21 G:/Cytonn task/task-api/vendor/laravel/framework/src/Illuminate/Foundation/Exceptions/Handler.php(556): Illuminate/Foundation/Exceptions/Handler->prepareResponse(Object(Illuminate/Http/Request), Object(Symfony/Component/HttpKernel/Exception/HttpException))
#22 G:/Cytonn task/task-api/vendor/laravel/framework/src/Illuminate/Foundation/Exceptions/Handler.php(473): Illuminate/Foundation/Exceptions/Handler->renderExceptionResponse(Object(Illuminate/Http/Request), Object(TypeError))
#23 G:/Cytonn task/task-api/vendor/laravel/framework/src/Illuminate/Foundation/Http/Kernel.php(509): Illuminate/Foundation/Exceptions/Handler->render(Object(Illuminate/Http/Request), Object(TypeError))
#24 G:/Cytonn task/task-api/vendor/laravel/framework/src/Illuminate/Foundation/Http/Kernel.php(148): Illuminate/Foundation/Http/Kernel->renderException(Object(Illuminate/Http/Request), Object(TypeError))
#25 G:/Cytonn task/task-api/public/index.php(36): Illuminate/Foundation/Http/Kernel->handle(Object(Illuminate/Http/Request))
#26 G:/Cytonn task/task-api/vendor/laravel/framework/src/Illuminate/Foundation/resources/server.php(16): require_once('G://Cytonn task//...')
#27 {main}
"} 
[2026-03-30 10:30:34] production.ERROR: Uncaught TypeError: Illuminate\View\FileViewFinder::__construct(): Argument #2 ($paths) must be of type array, null given, called in G:\Cytonn task\task-api\vendor\laravel\framework\src\Illuminate\View\ViewServiceProvider.php on line 85 and defined in G:\Cytonn task\task-api\vendor\laravel\framework\src\Illuminate\View\FileViewFinder.php:53
Stack trace:
#0 G:\Cytonn task\task-api\vendor\laravel\framework\src\Illuminate\View\ViewServiceProvider.php(85): Illuminate\View\FileViewFinder->__construct(Object(Illuminate\Filesystem\Filesystem), NULL)
#1 G:\Cytonn task\task-api\vendor\laravel\framework\src\Illuminate\Container\Container.php(908): Illuminate\View\ViewServiceProvider->Illuminate\View\{closure}(Object(Illuminate\Foundation\Application), Array)
#2 G:\Cytonn task\task-api\vendor\laravel\framework\src\Illuminate\Container\Container.php(795): Illuminate\Container\Container->build(Object(Closure))
#3 G:\Cytonn task\task-api\vendor\laravel\framework\src\Illuminate\Foundation\Application.php(986): Illuminate\Container\Container->resolve('view.finder', Array, true)
#4 G:\Cytonn task\task-api\vendor\laravel\framework\src\Illuminate\Container\Container.php(731): Illuminate\Foundation\Application->resolve('view.finder', Array)
#5 G:\Cytonn task\task-api\vendor\laravel\framework\src\Illuminate\Foundation\Application.php(971): Illuminate\Container\Container->make('view.finder', Array)
#6 G:\Cytonn task\task-api\vendor\laravel\framework\src\Illuminate\Container\Container.php(1454): Illuminate\Foundation\Application->make('view.finder')
#7 G:\Cytonn task\task-api\vendor\laravel\framework\src\Illuminate\View\ViewServiceProvider.php(45): Illuminate\Container\Container->offsetGet('view.finder')
#8 G:\Cytonn task\task-api\vendor\laravel\framework\src\Illuminate\Container\Container.php(908): Illuminate\View\ViewServiceProvider->Illuminate\View\{closure}(Object(Illuminate\Foundation\Application), Array)
#9 G:\Cytonn task\task-api\vendor\laravel\framework\src\Illuminate\Container\Container.php(795): Illuminate\Container\Container->build(Object(Closure))
#10 G:\Cytonn task\task-api\vendor\laravel\framework\src\Illuminate\Foundation\Application.php(986): Illuminate\Container\Container->resolve('view', Array, true)
#11 G:\Cytonn task\task-api\vendor\laravel\framework\src\Illuminate\Container\Container.php(731): Illuminate\Foundation\Application->resolve('view', Array)
#12 G:\Cytonn task\task-api\vendor\laravel\framework\src\Illuminate\Foundation\Application.php(971): Illuminate\Container\Container->make('view', Array)
#13 G:\Cytonn task\task-api\vendor\laravel\framework\src\Illuminate\Container\Container.php(1454): Illuminate\Foundation\Application->make('view')
#14 G:\Cytonn task\task-api\vendor\laravel\framework\src\Illuminate\Support\Facades\Facade.php(237): Illuminate\Container\Container->offsetGet('view')
#15 G:\Cytonn task\task-api\vendor\laravel\framework\src\Illuminate\Support\Facades\Facade.php(208): Illuminate\Support\Facades\Facade::resolveFacadeInstance('view')
#16 G:\Cytonn task\task-api\vendor\laravel\framework\src\Illuminate\Support\Facades\Facade.php(349): Illuminate\Support\Facades\Facade::getFacadeRoot()
#17 G:\Cytonn task\task-api\vendor\laravel\framework\src\Illuminate\Foundation\Exceptions\RegisterErrorViewPaths.php(16): Illuminate\Support\Facades\Facade::__callStatic('replaceNamespac...', Array)
#18 G:\Cytonn task\task-api\vendor\laravel\framework\src\Illuminate\Foundation\Exceptions\Handler.php(744): Illuminate\Foundation\Exceptions\RegisterErrorViewPaths->__invoke()
#19 G:\Cytonn task\task-api\vendor\laravel\framework\src\Illuminate\Foundation\Exceptions\Handler.php(719): Illuminate\Foundation\Exceptions\Handler->registerErrorViewPaths()
#20 G:\Cytonn task\task-api\vendor\laravel\framework\src\Illuminate\Foundation\Exceptions\Handler.php(650): Illuminate\Foundation\Exceptions\Handler->renderHttpException(Object(Symfony\Component\HttpKernel\Exception\HttpException))
#21 G:\Cytonn task\task-api\vendor\laravel\framework\src\Illuminate\Foundation\Exceptions\Handler.php(556): Illuminate\Foundation\Exceptions\Handler->prepareResponse(Object(Illuminate\Http\Request), Object(Symfony\Component\HttpKernel\Exception\HttpException))
#22 G:\Cytonn task\task-api\vendor\laravel\framework\src\Illuminate\Foundation\Exceptions\Handler.php(473): Illuminate\Foundation\Exceptions\Handler->renderExceptionResponse(Object(Illuminate\Http\Request), Object(TypeError))
#23 G:\Cytonn task\task-api\vendor\laravel\framework\src\Illuminate\Foundation\Bootstrap\HandleExceptions.php(218): Illuminate\Foundation\Exceptions\Handler->render(Object(Illuminate\Http\Request), Object(TypeError))
#24 G:\Cytonn task\task-api\vendor\laravel\framework\src\Illuminate\Foundation\Bootstrap\HandleExceptions.php(195): Illuminate\Foundation\Bootstrap\HandleExceptions->renderHttpResponse(Object(TypeError))
#25 G:\Cytonn task\task-api\vendor\laravel\framework\src\Illuminate\Foundation\Bootstrap\HandleExceptions.php(255): Illuminate\Foundation\Bootstrap\HandleExceptions->handleException(Object(TypeError))
#26 [internal function]: Illuminate\Foundation\Bootstrap\HandleExceptions->Illuminate\Foundation\Bootstrap\{closure}(Object(TypeError))
#27 {main}
  thrown {"exception":"[object] (Symfony\\Component\\ErrorHandler\\Error\\FatalError(code: 0): Uncaught TypeError: Illuminate\\View\\FileViewFinder::__construct(): Argument #2 ($paths) must be of type array, null given, called in G:\\Cytonn task\\task-api\\vendor\\laravel\\framework\\src\\Illuminate\\View\\ViewServiceProvider.php on line 85 and defined in G:\\Cytonn task\\task-api\\vendor\\laravel\\framework\\src\\Illuminate\\View\\FileViewFinder.php:53
Stack trace:
#0 G:\\Cytonn task\\task-api\\vendor\\laravel\\framework\\src\\Illuminate\\View\\ViewServiceProvider.php(85): Illuminate\\View\\FileViewFinder->__construct(Object(Illuminate\\Filesystem\\Filesystem), NULL)
#1 G:\\Cytonn task\\task-api\\vendor\\laravel\\framework\\src\\Illuminate\\Container\\Container.php(908): Illuminate\\View\\ViewServiceProvider->Illuminate\\View\\{closure}(Object(Illuminate\\Foundation\\Application), Array)
#2 G:\\Cytonn task\\task-api\\vendor\\laravel\\framework\\src\\Illuminate\\Container\\Container.php(795): Illuminate\\Container\\Container->build(Object(Closure))
#3 G:\\Cytonn task\\task-api\\vendor\\laravel\\framework\\src\\Illuminate\\Foundation\\Application.php(986): Illuminate\\Container\\Container->resolve('view.finder', Array, true)
#4 G:\\Cytonn task\\task-api\\vendor\\laravel\\framework\\src\\Illuminate\\Container\\Container.php(731): Illuminate\\Foundation\\Application->resolve('view.finder', Array)
#5 G:\\Cytonn task\\task-api\\vendor\\laravel\\framework\\src\\Illuminate\\Foundation\\Application.php(971): Illuminate\\Container\\Container->make('view.finder', Array)
#6 G:\\Cytonn task\\task-api\\vendor\\laravel\\framework\\src\\Illuminate\\Container\\Container.php(1454): Illuminate\\Foundation\\Application->make('view.finder')
#7 G:\\Cytonn task\\task-api\\vendor\\laravel\\framework\\src\\Illuminate\\View\\ViewServiceProvider.php(45): Illuminate\\Container\\Container->offsetGet('view.finder')
#8 G:\\Cytonn task\\task-api\\vendor\\laravel\\framework\\src\\Illuminate\\Container\\Container.php(908): Illuminate\\View\\ViewServiceProvider->Illuminate\\View\\{closure}(Object(Illuminate\\Foundation\\Application), Array)
#9 G:\\Cytonn task\\task-api\\vendor\\laravel\\framework\\src\\Illuminate\\Container\\Container.php(795): Illuminate\\Container\\Container->build(Object(Closure))
#10 G:\\Cytonn task\\task-api\\vendor\\laravel\\framework\\src\\Illuminate\\Foundation\\Application.php(986): Illuminate\\Container\\Container->resolve('view', Array, true)
#11 G:\\Cytonn task\\task-api\\vendor\\laravel\\framework\\src\\Illuminate\\Container\\Container.php(731): Illuminate\\Foundation\\Application->resolve('view', Array)
#12 G:\\Cytonn task\\task-api\\vendor\\laravel\\framework\\src\\Illuminate\\Foundation\\Application.php(971): Illuminate\\Container\\Container->make('view', Array)
#13 G:\\Cytonn task\\task-api\\vendor\\laravel\\framework\\src\\Illuminate\\Container\\Container.php(1454): Illuminate\\Foundation\\Application->make('view')
#14 G:\\Cytonn task\\task-api\\vendor\\laravel\\framework\\src\\Illuminate\\Support\\Facades\\Facade.php(237): Illuminate\\Container\\Container->offsetGet('view')
#15 G:\\Cytonn task\\task-api\\vendor\\laravel\\framework\\src\\Illuminate\\Support\\Facades\\Facade.php(208): Illuminate\\Support\\Facades\\Facade::resolveFacadeInstance('view')
#16 G:\\Cytonn task\\task-api\\vendor\\laravel\\framework\\src\\Illuminate\\Support\\Facades\\Facade.php(349): Illuminate\\Support\\Facades\\Facade::getFacadeRoot()
#17 G:\\Cytonn task\\task-api\\vendor\\laravel\\framework\\src\\Illuminate\\Foundation\\Exceptions\\RegisterErrorViewPaths.php(16): Illuminate\\Support\\Facades\\Facade::__callStatic('replaceNamespac...', Array)
#18 G:\\Cytonn task\\task-api\\vendor\\laravel\\framework\\src\\Illuminate\\Foundation\\Exceptions\\Handler.php(744): Illuminate\\Foundation\\Exceptions\\RegisterErrorViewPaths->__invoke()
#19 G:\\Cytonn task\\task-api\\vendor\\laravel\\framework\\src\\Illuminate\\Foundation\\Exceptions\\Handler.php(719): Illuminate\\Foundation\\Exceptions\\Handler->registerErrorViewPaths()
#20 G:\\Cytonn task\\task-api\\vendor\\laravel\\framework\\src\\Illuminate\\Foundation\\Exceptions\\Handler.php(650): Illuminate\\Foundation\\Exceptions\\Handler->renderHttpException(Object(Symfony\\Component\\HttpKernel\\Exception\\HttpException))
#21 G:\\Cytonn task\\task-api\\vendor\\laravel\\framework\\src\\Illuminate\\Foundation\\Exceptions\\Handler.php(556): Illuminate\\Foundation\\Exceptions\\Handler->prepareResponse(Object(Illuminate\\Http\\Request), Object(Symfony\\Component\\HttpKernel\\Exception\\HttpException))
#22 G:\\Cytonn task\\task-api\\vendor\\laravel\\framework\\src\\Illuminate\\Foundation\\Exceptions\\Handler.php(473): Illuminate\\Foundation\\Exceptions\\Handler->renderExceptionResponse(Object(Illuminate\\Http\\Request), Object(TypeError))
#23 G:\\Cytonn task\\task-api\\vendor\\laravel\\framework\\src\\Illuminate\\Foundation\\Bootstrap\\HandleExceptions.php(218): Illuminate\\Foundation\\Exceptions\\Handler->render(Object(Illuminate\\Http\\Request), Object(TypeError))
#24 G:\\Cytonn task\\task-api\\vendor\\laravel\\framework\\src\\Illuminate\\Foundation\\Bootstrap\\HandleExceptions.php(195): Illuminate\\Foundation\\Bootstrap\\HandleExceptions->renderHttpResponse(Object(TypeError))
#25 G:\\Cytonn task\\task-api\\vendor\\laravel\\framework\\src\\Illuminate\\Foundation\\Bootstrap\\HandleExceptions.php(255): Illuminate\\Foundation\\Bootstrap\\HandleExceptions->handleException(Object(TypeError))
#26 [internal function]: Illuminate\\Foundation\\Bootstrap\\HandleExceptions->Illuminate\\Foundation\\Bootstrap\\{closure}(Object(TypeError))
#27 {main}
  thrown at G:/Cytonn task/task-api/vendor/laravel/framework/src/Illuminate/View/FileViewFinder.php:53)
[stacktrace]
#0 {main}
"} 
[2026-03-30 10:30:37] production.ERROR: Class "Illuminate\Foundation\Http\Middleware\TrustProxies" not found {"exception":"[object] (Error(code: 0): Class \"Illuminate\\Foundation\\Http\\Middleware\\TrustProxies\" not found at G:/Cytonn task/task-api/app/Http/Middleware/TrustProxies.php:8)
[stacktrace]
#0 G:/Cytonn task/task-api/vendor/composer/ClassLoader.php(576): include()
#1 G:/Cytonn task/task-api/vendor/composer/ClassLoader.php(427): Composer/Autoload/{closure}('G://Cytonn task//...')
#2 [internal function]: Composer/Autoload/ClassLoader->loadClass('App//Http//Middle...')
#3 G:/Cytonn task/task-api/vendor/laravel/framework/src/Illuminate/Container/Container.php(912): ReflectionClass->__construct('App//Http//Middle...')
#4 G:/Cytonn task/task-api/vendor/laravel/framework/src/Illuminate/Container/Container.php(795): Illuminate/Container/Container->build('App//Http//Middle...')
#5 G:/Cytonn task/task-api/vendor/laravel/framework/src/Illuminate/Foundation/Application.php(986): Illuminate/Container/Container->resolve('App//Http//Middle...', Array, true)
#6 G:/Cytonn task/task-api/vendor/laravel/framework/src/Illuminate/Container/Container.php(731): Illuminate/Foundation/Application->resolve('App//Http//Middle...', Array)
#7 G:/Cytonn task/task-api/vendor/laravel/framework/src/Illuminate/Foundation/Application.php(971): Illuminate/Container/Container->make('App//Http//Middle...', Array)
#8 G:/Cytonn task/task-api/vendor/laravel/framework/src/Illuminate/Pipeline/Pipeline.php(172): Illuminate/Foundation/Application->make('App//Http//Middle...')
#9 G:/Cytonn task/task-api/vendor/laravel/framework/src/Illuminate/Pipeline/Pipeline.php(119): Illuminate/Pipeline/Pipeline->Illuminate/Pipeline/{closure}(Object(Illuminate/Http/Request))
#10 G:/Cytonn task/task-api/vendor/laravel/framework/src/Illuminate/Foundation/Http/Kernel.php(175): Illuminate/Pipeline/Pipeline->then(Object(Closure))
#11 G:/Cytonn task/task-api/vendor/laravel/framework/src/Illuminate/Foundation/Http/Kernel.php(144): Illuminate/Foundation/Http/Kernel->sendRequestThroughRouter(Object(Illuminate/Http/Request))
#12 G:/Cytonn task/task-api/public/index.php(36): Illuminate/Foundation/Http/Kernel->handle(Object(Illuminate/Http/Request))
#13 G:/Cytonn task/task-api/vendor/laravel/framework/src/Illuminate/Foundation/resources/server.php(16): require_once('G://Cytonn task//...')
#14 {main}
"} 
[2026-03-30 10:30:37] production.ERROR: Illuminate\View\FileViewFinder::__construct(): Argument #2 ($paths) must be of type array, null given, called in G:\Cytonn task\task-api\vendor\laravel\framework\src\Illuminate\View\ViewServiceProvider.php on line 85 {"exception":"[object] (TypeError(code: 0): Illuminate\\View\\FileViewFinder::__construct(): Argument #2 ($paths) must be of type array, null given, called in G:\\Cytonn task\\task-api\\vendor\\laravel\\framework\\src\\Illuminate\\View\\ViewServiceProvider.php on line 85 at G:/Cytonn task/task-api/vendor/laravel/framework/src/Illuminate/View/FileViewFinder.php:53)
[stacktrace]
#0 G:/Cytonn task/task-api/vendor/laravel/framework/src/Illuminate/View/ViewServiceProvider.php(85): Illuminate/View/FileViewFinder->__construct(Object(Illuminate/Filesystem/Filesystem), NULL)
#1 G:/Cytonn task/task-api/vendor/laravel/framework/src/Illuminate/Container/Container.php(908): Illuminate/View/ViewServiceProvider->Illuminate/View/{closure}(Object(Illuminate/Foundation/Application), Array)
#2 G:/Cytonn task/task-api/vendor/laravel/framework/src/Illuminate/Container/Container.php(795): Illuminate/Container/Container->build(Object(Closure))
#3 G:/Cytonn task/task-api/vendor/laravel/framework/src/Illuminate/Foundation/Application.php(986): Illuminate/Container/Container->resolve('view.finder', Array, true)
#4 G:/Cytonn task/task-api/vendor/laravel/framework/src/Illuminate/Container/Container.php(731): Illuminate/Foundation/Application->resolve('view.finder', Array)
#5 G:/Cytonn task/task-api/vendor/laravel/framework/src/Illuminate/Foundation/Application.php(971): Illuminate/Container/Container->make('view.finder', Array)
#6 G:/Cytonn task/task-api/vendor/laravel/framework/src/Illuminate/Container/Container.php(1454): Illuminate/Foundation/Application->make('view.finder')
#7 G:/Cytonn task/task-api/vendor/laravel/framework/src/Illuminate/View/ViewServiceProvider.php(45): Illuminate/Container/Container->offsetGet('view.finder')
#8 G:/Cytonn task/task-api/vendor/laravel/framework/src/Illuminate/Container/Container.php(908): Illuminate/View/ViewServiceProvider->Illuminate/View/{closure}(Object(Illuminate/Foundation/Application), Array)
#9 G:/Cytonn task/task-api/vendor/laravel/framework/src/Illuminate/Container/Container.php(795): Illuminate/Container/Container->build(Object(Closure))
#10 G:/Cytonn task/task-api/vendor/laravel/framework/src/Illuminate/Foundation/Application.php(986): Illuminate/Container/Container->resolve('view', Array, true)
#11 G:/Cytonn task/task-api/vendor/laravel/framework/src/Illuminate/Container/Container.php(731): Illuminate/Foundation/Application->resolve('view', Array)
#12 G:/Cytonn task/task-api/vendor/laravel/framework/src/Illuminate/Foundation/Application.php(971): Illuminate/Container/Container->make('view', Array)
#13 G:/Cytonn task/task-api/vendor/laravel/framework/src/Illuminate/Container/Container.php(1454): Illuminate/Foundation/Application->make('view')
#14 G:/Cytonn task/task-api/vendor/laravel/framework/src/Illuminate/Support/Facades/Facade.php(237): Illuminate/Container/Container->offsetGet('view')
#15 G:/Cytonn task/task-api/vendor/laravel/framework/src/Illuminate/Support/Facades/Facade.php(208): Illuminate/Support/Facades/Facade::resolveFacadeInstance('view')
#16 G:/Cytonn task/task-api/vendor/laravel/framework/src/Illuminate/Support/Facades/Facade.php(349): Illuminate/Support/Facades/Facade::getFacadeRoot()
#17 G:/Cytonn task/task-api/vendor/laravel/framework/src/Illuminate/Foundation/Exceptions/RegisterErrorViewPaths.php(16): Illuminate/Support/Facades/Facade::__callStatic('replaceNamespac...', Array)
#18 G:/Cytonn task/task-api/vendor/laravel/framework/src/Illuminate/Foundation/Exceptions/Handler.php(744): Illuminate/Foundation/Exceptions/RegisterErrorViewPaths->__invoke()
#19 G:/Cytonn task/task-api/vendor/laravel/framework/src/Illuminate/Foundation/Exceptions/Handler.php(719): Illuminate/Foundation/Exceptions/Handler->registerErrorViewPaths()
#20 G:/Cytonn task/task-api/vendor/laravel/framework/src/Illuminate/Foundation/Exceptions/Handler.php(650): Illuminate/Foundation/Exceptions/Handler->renderHttpException(Object(Symfony/Component/HttpKernel/Exception/HttpException))
#21 G:/Cytonn task/task-api/vendor/laravel/framework/src/Illuminate/Foundation/Exceptions/Handler.php(556): Illuminate/Foundation/Exceptions/Handler->prepareResponse(Object(Illuminate/Http/Request), Object(Symfony/Component/HttpKernel/Exception/HttpException))
#22 G:/Cytonn task/task-api/vendor/laravel/framework/src/Illuminate/Foundation/Exceptions/Handler.php(473): Illuminate/Foundation/Exceptions/Handler->renderExceptionResponse(Object(Illuminate/Http/Request), Object(Error))
#23 G:/Cytonn task/task-api/vendor/laravel/framework/src/Illuminate/Routing/Pipeline.php(51): Illuminate/Foundation/Exceptions/Handler->render(Object(Illuminate/Http/Request), Object(Error))
#24 G:/Cytonn task/task-api/vendor/laravel/framework/src/Illuminate/Pipeline/Pipeline.php(188): Illuminate/Routing/Pipeline->handleException(Object(Illuminate/Http/Request), Object(Error))
#25 G:/Cytonn task/task-api/vendor/laravel/framework/src/Illuminate/Pipeline/Pipeline.php(119): Illuminate/Pipeline/Pipeline->Illuminate/Pipeline/{closure}(Object(Illuminate/Http/Request))
#26 G:/Cytonn task/task-api/vendor/laravel/framework/src/Illuminate/Foundation/Http/Kernel.php(175): Illuminate/Pipeline/Pipeline->then(Object(Closure))
#27 G:/Cytonn task/task-api/vendor/laravel/framework/src/Illuminate/Foundation/Http/Kernel.php(144): Illuminate/Foundation/Http/Kernel->sendRequestThroughRouter(Object(Illuminate/Http/Request))
#28 G:/Cytonn task/task-api/public/index.php(36): Illuminate/Foundation/Http/Kernel->handle(Object(Illuminate/Http/Request))
#29 G:/Cytonn task/task-api/vendor/laravel/framework/src/Illuminate/Foundation/resources/server.php(16): require_once('G://Cytonn task//...')
#30 {main}
"} 
[2026-03-30 10:30:37] production.ERROR: Illuminate\View\FileViewFinder::__construct(): Argument #2 ($paths) must be of type array, null given, called in G:\Cytonn task\task-api\vendor\laravel\framework\src\Illuminate\View\ViewServiceProvider.php on line 85 {"exception":"[object] (TypeError(code: 0): Illuminate\\View\\FileViewFinder::__construct(): Argument #2 ($paths) must be of type array, null given, called in G:\\Cytonn task\\task-api\\vendor\\laravel\\framework\\src\\Illuminate\\View\\ViewServiceProvider.php on line 85 at G:/Cytonn task/task-api/vendor/laravel/framework/src/Illuminate/View/FileViewFinder.php:53)
[stacktrace]
#0 G:/Cytonn task/task-api/vendor/laravel/framework/src/Illuminate/View/ViewServiceProvider.php(85): Illuminate/View/FileViewFinder->__construct(Object(Illuminate/Filesystem/Filesystem), NULL)
#1 G:/Cytonn task/task-api/vendor/laravel/framework/src/Illuminate/Container/Container.php(908): Illuminate/View/ViewServiceProvider->Illuminate/View/{closure}(Object(Illuminate/Foundation/Application), Array)
#2 G:/Cytonn task/task-api/vendor/laravel/framework/src/Illuminate/Container/Container.php(795): Illuminate/Container/Container->build(Object(Closure))
#3 G:/Cytonn task/task-api/vendor/laravel/framework/src/Illuminate/Foundation/Application.php(986): Illuminate/Container/Container->resolve('view.finder', Array, true)
#4 G:/Cytonn task/task-api/vendor/laravel/framework/src/Illuminate/Container/Container.php(731): Illuminate/Foundation/Application->resolve('view.finder', Array)
#5 G:/Cytonn task/task-api/vendor/laravel/framework/src/Illuminate/Foundation/Application.php(971): Illuminate/Container/Container->make('view.finder', Array)
#6 G:/Cytonn task/task-api/vendor/laravel/framework/src/Illuminate/Container/Container.php(1454): Illuminate/Foundation/Application->make('view.finder')
#7 G:/Cytonn task/task-api/vendor/laravel/framework/src/Illuminate/View/ViewServiceProvider.php(45): Illuminate/Container/Container->offsetGet('view.finder')
#8 G:/Cytonn task/task-api/vendor/laravel/framework/src/Illuminate/Container/Container.php(908): Illuminate/View/ViewServiceProvider->Illuminate/View/{closure}(Object(Illuminate/Foundation/Application), Array)
#9 G:/Cytonn task/task-api/vendor/laravel/framework/src/Illuminate/Container/Container.php(795): Illuminate/Container/Container->build(Object(Closure))
#10 G:/Cytonn task/task-api/vendor/laravel/framework/src/Illuminate/Foundation/Application.php(986): Illuminate/Container/Container->resolve('view', Array, true)
#11 G:/Cytonn task/task-api/vendor/laravel/framework/src/Illuminate/Container/Container.php(731): Illuminate/Foundation/Application->resolve('view', Array)
#12 G:/Cytonn task/task-api/vendor/laravel/framework/src/Illuminate/Foundation/Application.php(971): Illuminate/Container/Container->make('view', Array)
#13 G:/Cytonn task/task-api/vendor/laravel/framework/src/Illuminate/Container/Container.php(1454): Illuminate/Foundation/Application->make('view')
#14 G:/Cytonn task/task-api/vendor/laravel/framework/src/Illuminate/Support/Facades/Facade.php(237): Illuminate/Container/Container->offsetGet('view')
#15 G:/Cytonn task/task-api/vendor/laravel/framework/src/Illuminate/Support/Facades/Facade.php(208): Illuminate/Support/Facades/Facade::resolveFacadeInstance('view')
#16 G:/Cytonn task/task-api/vendor/laravel/framework/src/Illuminate/Support/Facades/Facade.php(349): Illuminate/Support/Facades/Facade::getFacadeRoot()
#17 G:/Cytonn task/task-api/vendor/laravel/framework/src/Illuminate/Foundation/Exceptions/RegisterErrorViewPaths.php(16): Illuminate/Support/Facades/Facade::__callStatic('replaceNamespac...', Array)
#18 G:/Cytonn task/task-api/vendor/laravel/framework/src/Illuminate/Foundation/Exceptions/Handler.php(744): Illuminate/Foundation/Exceptions/RegisterErrorViewPaths->__invoke()
#19 G:/Cytonn task/task-api/vendor/laravel/framework/src/Illuminate/Foundation/Exceptions/Handler.php(719): Illuminate/Foundation/Exceptions/Handler->registerErrorViewPaths()
#20 G:/Cytonn task/task-api/vendor/laravel/framework/src/Illuminate/Foundation/Exceptions/Handler.php(650): Illuminate/Foundation/Exceptions/Handler->renderHttpException(Object(Symfony/Component/HttpKernel/Exception/HttpException))
#21 G:/Cytonn task/task-api/vendor/laravel/framework/src/Illuminate/Foundation/Exceptions/Handler.php(556): Illuminate/Foundation/Exceptions/Handler->prepareResponse(Object(Illuminate/Http/Request), Object(Symfony/Component/HttpKernel/Exception/HttpException))
#22 G:/Cytonn task/task-api/vendor/laravel/framework/src/Illuminate/Foundation/Exceptions/Handler.php(473): Illuminate/Foundation/Exceptions/Handler->renderExceptionResponse(Object(Illuminate/Http/Request), Object(TypeError))
#23 G:/Cytonn task/task-api/vendor/laravel/framework/src/Illuminate/Foundation/Http/Kernel.php(509): Illuminate/Foundation/Exceptions/Handler->render(Object(Illuminate/Http/Request), Object(TypeError))
#24 G:/Cytonn task/task-api/vendor/laravel/framework/src/Illuminate/Foundation/Http/Kernel.php(148): Illuminate/Foundation/Http/Kernel->renderException(Object(Illuminate/Http/Request), Object(TypeError))
#25 G:/Cytonn task/task-api/public/index.php(36): Illuminate/Foundation/Http/Kernel->handle(Object(Illuminate/Http/Request))
#26 G:/Cytonn task/task-api/vendor/laravel/framework/src/Illuminate/Foundation/resources/server.php(16): require_once('G://Cytonn task//...')
#27 {main}
"} 
[2026-03-30 10:30:37] production.ERROR: Uncaught TypeError: Illuminate\View\FileViewFinder::__construct(): Argument #2 ($paths) must be of type array, null given, called in G:\Cytonn task\task-api\vendor\laravel\framework\src\Illuminate\View\ViewServiceProvider.php on line 85 and defined in G:\Cytonn task\task-api\vendor\laravel\framework\src\Illuminate\View\FileViewFinder.php:53
Stack trace:
#0 G:\Cytonn task\task-api\vendor\laravel\framework\src\Illuminate\View\ViewServiceProvider.php(85): Illuminate\View\FileViewFinder->__construct(Object(Illuminate\Filesystem\Filesystem), NULL)
#1 G:\Cytonn task\task-api\vendor\laravel\framework\src\Illuminate\Container\Container.php(908): Illuminate\View\ViewServiceProvider->Illuminate\View\{closure}(Object(Illuminate\Foundation\Application), Array)
#2 G:\Cytonn task\task-api\vendor\laravel\framework\src\Illuminate\Container\Container.php(795): Illuminate\Container\Container->build(Object(Closure))
#3 G:\Cytonn task\task-api\vendor\laravel\framework\src\Illuminate\Foundation\Application.php(986): Illuminate\Container\Container->resolve('view.finder', Array, true)
#4 G:\Cytonn task\task-api\vendor\laravel\framework\src\Illuminate\Container\Container.php(731): Illuminate\Foundation\Application->resolve('view.finder', Array)
#5 G:\Cytonn task\task-api\vendor\laravel\framework\src\Illuminate\Foundation\Application.php(971): Illuminate\Container\Container->make('view.finder', Array)
#6 G:\Cytonn task\task-api\vendor\laravel\framework\src\Illuminate\Container\Container.php(1454): Illuminate\Foundation\Application->make('view.finder')
#7 G:\Cytonn task\task-api\vendor\laravel\framework\src\Illuminate\View\ViewServiceProvider.php(45): Illuminate\Container\Container->offsetGet('view.finder')
#8 G:\Cytonn task\task-api\vendor\laravel\framework\src\Illuminate\Container\Container.php(908): Illuminate\View\ViewServiceProvider->Illuminate\View\{closure}(Object(Illuminate\Foundation\Application), Array)
#9 G:\Cytonn task\task-api\vendor\laravel\framework\src\Illuminate\Container\Container.php(795): Illuminate\Container\Container->build(Object(Closure))
#10 G:\Cytonn task\task-api\vendor\laravel\framework\src\Illuminate\Foundation\Application.php(986): Illuminate\Container\Container->resolve('view', Array, true)
#11 G:\Cytonn task\task-api\vendor\laravel\framework\src\Illuminate\Container\Container.php(731): Illuminate\Foundation\Application->resolve('view', Array)
#12 G:\Cytonn task\task-api\vendor\laravel\framework\src\Illuminate\Foundation\Application.php(971): Illuminate\Container\Container->make('view', Array)
#13 G:\Cytonn task\task-api\vendor\laravel\framework\src\Illuminate\Container\Container.php(1454): Illuminate\Foundation\Application->make('view')
#14 G:\Cytonn task\task-api\vendor\laravel\framework\src\Illuminate\Support\Facades\Facade.php(237): Illuminate\Container\Container->offsetGet('view')
#15 G:\Cytonn task\task-api\vendor\laravel\framework\src\Illuminate\Support\Facades\Facade.php(208): Illuminate\Support\Facades\Facade::resolveFacadeInstance('view')
#16 G:\Cytonn task\task-api\vendor\laravel\framework\src\Illuminate\Support\Facades\Facade.php(349): Illuminate\Support\Facades\Facade::getFacadeRoot()
#17 G:\Cytonn task\task-api\vendor\laravel\framework\src\Illuminate\Foundation\Exceptions\RegisterErrorViewPaths.php(16): Illuminate\Support\Facades\Facade::__callStatic('replaceNamespac...', Array)
#18 G:\Cytonn task\task-api\vendor\laravel\framework\src\Illuminate\Foundation\Exceptions\Handler.php(744): Illuminate\Foundation\Exceptions\RegisterErrorViewPaths->__invoke()
#19 G:\Cytonn task\task-api\vendor\laravel\framework\src\Illuminate\Foundation\Exceptions\Handler.php(719): Illuminate\Foundation\Exceptions\Handler->registerErrorViewPaths()
#20 G:\Cytonn task\task-api\vendor\laravel\framework\src\Illuminate\Foundation\Exceptions\Handler.php(650): Illuminate\Foundation\Exceptions\Handler->renderHttpException(Object(Symfony\Component\HttpKernel\Exception\HttpException))
#21 G:\Cytonn task\task-api\vendor\laravel\framework\src\Illuminate\Foundation\Exceptions\Handler.php(556): Illuminate\Foundation\Exceptions\Handler->prepareResponse(Object(Illuminate\Http\Request), Object(Symfony\Component\HttpKernel\Exception\HttpException))
#22 G:\Cytonn task\task-api\vendor\laravel\framework\src\Illuminate\Foundation\Exceptions\Handler.php(473): Illuminate\Foundation\Exceptions\Handler->renderExceptionResponse(Object(Illuminate\Http\Request), Object(TypeError))
#23 G:\Cytonn task\task-api\vendor\laravel\framework\src\Illuminate\Foundation\Bootstrap\HandleExceptions.php(218): Illuminate\Foundation\Exceptions\Handler->render(Object(Illuminate\Http\Request), Object(TypeError))
#24 G:\Cytonn task\task-api\vendor\laravel\framework\src\Illuminate\Foundation\Bootstrap\HandleExceptions.php(195): Illuminate\Foundation\Bootstrap\HandleExceptions->renderHttpResponse(Object(TypeError))
#25 G:\Cytonn task\task-api\vendor\laravel\framework\src\Illuminate\Foundation\Bootstrap\HandleExceptions.php(255): Illuminate\Foundation\Bootstrap\HandleExceptions->handleException(Object(TypeError))
#26 [internal function]: Illuminate\Foundation\Bootstrap\HandleExceptions->Illuminate\Foundation\Bootstrap\{closure}(Object(TypeError))
#27 {main}
  thrown {"exception":"[object] (Symfony\\Component\\ErrorHandler\\Error\\FatalError(code: 0): Uncaught TypeError: Illuminate\\View\\FileViewFinder::__construct(): Argument #2 ($paths) must be of type array, null given, called in G:\\Cytonn task\\task-api\\vendor\\laravel\\framework\\src\\Illuminate\\View\\ViewServiceProvider.php on line 85 and defined in G:\\Cytonn task\\task-api\\vendor\\laravel\\framework\\src\\Illuminate\\View\\FileViewFinder.php:53
Stack trace:
#0 G:\\Cytonn task\\task-api\\vendor\\laravel\\framework\\src\\Illuminate\\View\\ViewServiceProvider.php(85): Illuminate\\View\\FileViewFinder->__construct(Object(Illuminate\\Filesystem\\Filesystem), NULL)
#1 G:\\Cytonn task\\task-api\\vendor\\laravel\\framework\\src\\Illuminate\\Container\\Container.php(908): Illuminate\\View\\ViewServiceProvider->Illuminate\\View\\{closure}(Object(Illuminate\\Foundation\\Application), Array)
#2 G:\\Cytonn task\\task-api\\vendor\\laravel\\framework\\src\\Illuminate\\Container\\Container.php(795): Illuminate\\Container\\Container->build(Object(Closure))
#3 G:\\Cytonn task\\task-api\\vendor\\laravel\\framework\\src\\Illuminate\\Foundation\\Application.php(986): Illuminate\\Container\\Container->resolve('view.finder', Array, true)
#4 G:\\Cytonn task\\task-api\\vendor\\laravel\\framework\\src\\Illuminate\\Container\\Container.php(731): Illuminate\\Foundation\\Application->resolve('view.finder', Array)
#5 G:\\Cytonn task\\task-api\\vendor\\laravel\\framework\\src\\Illuminate\\Foundation\\Application.php(971): Illuminate\\Container\\Container->make('view.finder', Array)
#6 G:\\Cytonn task\\task-api\\vendor\\laravel\\framework\\src\\Illuminate\\Container\\Container.php(1454): Illuminate\\Foundation\\Application->make('view.finder')
#7 G:\\Cytonn task\\task-api\\vendor\\laravel\\framework\\src\\Illuminate\\View\\ViewServiceProvider.php(45): Illuminate\\Container\\Container->offsetGet('view.finder')
#8 G:\\Cytonn task\\task-api\\vendor\\laravel\\framework\\src\\Illuminate\\Container\\Container.php(908): Illuminate\\View\\ViewServiceProvider->Illuminate\\View\\{closure}(Object(Illuminate\\Foundation\\Application), Array)
#9 G:\\Cytonn task\\task-api\\vendor\\laravel\\framework\\src\\Illuminate\\Container\\Container.php(795): Illuminate\\Container\\Container->build(Object(Closure))
#10 G:\\Cytonn task\\task-api\\vendor\\laravel\\framework\\src\\Illuminate\\Foundation\\Application.php(986): Illuminate\\Container\\Container->resolve('view', Array, true)
#11 G:\\Cytonn task\\task-api\\vendor\\laravel\\framework\\src\\Illuminate\\Container\\Container.php(731): Illuminate\\Foundation\\Application->resolve('view', Array)
#12 G:\\Cytonn task\\task-api\\vendor\\laravel\\framework\\src\\Illuminate\\Foundation\\Application.php(971): Illuminate\\Container\\Container->make('view', Array)
#13 G:\\Cytonn task\\task-api\\vendor\\laravel\\framework\\src\\Illuminate\\Container\\Container.php(1454): Illuminate\\Foundation\\Application->make('view')
#14 G:\\Cytonn task\\task-api\\vendor\\laravel\\framework\\src\\Illuminate\\Support\\Facades\\Facade.php(237): Illuminate\\Container\\Container->offsetGet('view')
#15 G:\\Cytonn task\\task-api\\vendor\\laravel\\framework\\src\\Illuminate\\Support\\Facades\\Facade.php(208): Illuminate\\Support\\Facades\\Facade::resolveFacadeInstance('view')
#16 G:\\Cytonn task\\task-api\\vendor\\laravel\\framework\\src\\Illuminate\\Support\\Facades\\Facade.php(349): Illuminate\\Support\\Facades\\Facade::getFacadeRoot()
#17 G:\\Cytonn task\\task-api\\vendor\\laravel\\framework\\src\\Illuminate\\Foundation\\Exceptions\\RegisterErrorViewPaths.php(16): Illuminate\\Support\\Facades\\Facade::__callStatic('replaceNamespac...', Array)
#18 G:\\Cytonn task\\task-api\\vendor\\laravel\\framework\\src\\Illuminate\\Foundation\\Exceptions\\Handler.php(744): Illuminate\\Foundation\\Exceptions\\RegisterErrorViewPaths->__invoke()
#19 G:\\Cytonn task\\task-api\\vendor\\laravel\\framework\\src\\Illuminate\\Foundation\\Exceptions\\Handler.php(719): Illuminate\\Foundation\\Exceptions\\Handler->registerErrorViewPaths()
#20 G:\\Cytonn task\\task-api\\vendor\\laravel\\framework\\src\\Illuminate\\Foundation\\Exceptions\\Handler.php(650): Illuminate\\Foundation\\Exceptions\\Handler->renderHttpException(Object(Symfony\\Component\\HttpKernel\\Exception\\HttpException))
#21 G:\\Cytonn task\\task-api\\vendor\\laravel\\framework\\src\\Illuminate\\Foundation\\Exceptions\\Handler.php(556): Illuminate\\Foundation\\Exceptions\\Handler->prepareResponse(Object(Illuminate\\Http\\Request), Object(Symfony\\Component\\HttpKernel\\Exception\\HttpException))
#22 G:\\Cytonn task\\task-api\\vendor\\laravel\\framework\\src\\Illuminate\\Foundation\\Exceptions\\Handler.php(473): Illuminate\\Foundation\\Exceptions\\Handler->renderExceptionResponse(Object(Illuminate\\Http\\Request), Object(TypeError))
#23 G:\\Cytonn task\\task-api\\vendor\\laravel\\framework\\src\\Illuminate\\Foundation\\Bootstrap\\HandleExceptions.php(218): Illuminate\\Foundation\\Exceptions\\Handler->render(Object(Illuminate\\Http\\Request), Object(TypeError))
#24 G:\\Cytonn task\\task-api\\vendor\\laravel\\framework\\src\\Illuminate\\Foundation\\Bootstrap\\HandleExceptions.php(195): Illuminate\\Foundation\\Bootstrap\\HandleExceptions->renderHttpResponse(Object(TypeError))
#25 G:\\Cytonn task\\task-api\\vendor\\laravel\\framework\\src\\Illuminate\\Foundation\\Bootstrap\\HandleExceptions.php(255): Illuminate\\Foundation\\Bootstrap\\HandleExceptions->handleException(Object(TypeError))
#26 [internal function]: Illuminate\\Foundation\\Bootstrap\\HandleExceptions->Illuminate\\Foundation\\Bootstrap\\{closure}(Object(TypeError))
#27 {main}
  thrown at G:/Cytonn task/task-api/vendor/laravel/framework/src/Illuminate/View/FileViewFinder.php:53)
[stacktrace]
#0 {main}
"} 
[2026-03-30 10:31:01] production.ERROR: Class "Illuminate\Foundation\Http\Middleware\TrustProxies" not found {"exception":"[object] (Error(code: 0): Class \"Illuminate\\Foundation\\Http\\Middleware\\TrustProxies\" not found at G:/Cytonn task/task-api/app/Http/Middleware/TrustProxies.php:8)
[stacktrace]
#0 G:/Cytonn task/task-api/vendor/composer/ClassLoader.php(576): include()
#1 G:/Cytonn task/task-api/vendor/composer/ClassLoader.php(427): Composer/Autoload/{closure}('G://Cytonn task//...')
#2 [internal function]: Composer/Autoload/ClassLoader->loadClass('App//Http//Middle...')
#3 G:/Cytonn task/task-api/vendor/laravel/framework/src/Illuminate/Container/Container.php(912): ReflectionClass->__construct('App//Http//Middle...')
#4 G:/Cytonn task/task-api/vendor/laravel/framework/src/Illuminate/Container/Container.php(795): Illuminate/Container/Container->build('App//Http//Middle...')
#5 G:/Cytonn task/task-api/vendor/laravel/framework/src/Illuminate/Foundation/Application.php(986): Illuminate/Container/Container->resolve('App//Http//Middle...', Array, true)
#6 G:/Cytonn task/task-api/vendor/laravel/framework/src/Illuminate/Container/Container.php(731): Illuminate/Foundation/Application->resolve('App//Http//Middle...', Array)
#7 G:/Cytonn task/task-api/vendor/laravel/framework/src/Illuminate/Foundation/Application.php(971): Illuminate/Container/Container->make('App//Http//Middle...', Array)
#8 G:/Cytonn task/task-api/vendor/laravel/framework/src/Illuminate/Pipeline/Pipeline.php(172): Illuminate/Foundation/Application->make('App//Http//Middle...')
#9 G:/Cytonn task/task-api/vendor/laravel/framework/src/Illuminate/Pipeline/Pipeline.php(119): Illuminate/Pipeline/Pipeline->Illuminate/Pipeline/{closure}(Object(Illuminate/Http/Request))
#10 G:/Cytonn task/task-api/vendor/laravel/framework/src/Illuminate/Foundation/Http/Kernel.php(175): Illuminate/Pipeline/Pipeline->then(Object(Closure))
#11 G:/Cytonn task/task-api/vendor/laravel/framework/src/Illuminate/Foundation/Http/Kernel.php(144): Illuminate/Foundation/Http/Kernel->sendRequestThroughRouter(Object(Illuminate/Http/Request))
#12 G:/Cytonn task/task-api/public/index.php(36): Illuminate/Foundation/Http/Kernel->handle(Object(Illuminate/Http/Request))
#13 G:/Cytonn task/task-api/vendor/laravel/framework/src/Illuminate/Foundation/resources/server.php(16): require_once('G://Cytonn task//...')
#14 {main}
"} 
[2026-03-30 10:31:01] production.ERROR: Illuminate\View\FileViewFinder::__construct(): Argument #2 ($paths) must be of type array, null given, called in G:\Cytonn task\task-api\vendor\laravel\framework\src\Illuminate\View\ViewServiceProvider.php on line 85 {"exception":"[object] (TypeError(code: 0): Illuminate\\View\\FileViewFinder::__construct(): Argument #2 ($paths) must be of type array, null given, called in G:\\Cytonn task\\task-api\\vendor\\laravel\\framework\\src\\Illuminate\\View\\ViewServiceProvider.php on line 85 at G:/Cytonn task/task-api/vendor/laravel/framework/src/Illuminate/View/FileViewFinder.php:53)
[stacktrace]
#0 G:/Cytonn task/task-api/vendor/laravel/framework/src/Illuminate/View/ViewServiceProvider.php(85): Illuminate/View/FileViewFinder->__construct(Object(Illuminate/Filesystem/Filesystem), NULL)
#1 G:/Cytonn task/task-api/vendor/laravel/framework/src/Illuminate/Container/Container.php(908): Illuminate/View/ViewServiceProvider->Illuminate/View/{closure}(Object(Illuminate/Foundation/Application), Array)
#2 G:/Cytonn task/task-api/vendor/laravel/framework/src/Illuminate/Container/Container.php(795): Illuminate/Container/Container->build(Object(Closure))
#3 G:/Cytonn task/task-api/vendor/laravel/framework/src/Illuminate/Foundation/Application.php(986): Illuminate/Container/Container->resolve('view.finder', Array, true)
#4 G:/Cytonn task/task-api/vendor/laravel/framework/src/Illuminate/Container/Container.php(731): Illuminate/Foundation/Application->resolve('view.finder', Array)
#5 G:/Cytonn task/task-api/vendor/laravel/framework/src/Illuminate/Foundation/Application.php(971): Illuminate/Container/Container->make('view.finder', Array)
#6 G:/Cytonn task/task-api/vendor/laravel/framework/src/Illuminate/Container/Container.php(1454): Illuminate/Foundation/Application->make('view.finder')
#7 G:/Cytonn task/task-api/vendor/laravel/framework/src/Illuminate/View/ViewServiceProvider.php(45): Illuminate/Container/Container->offsetGet('view.finder')
#8 G:/Cytonn task/task-api/vendor/laravel/framework/src/Illuminate/Container/Container.php(908): Illuminate/View/ViewServiceProvider->Illuminate/View/{closure}(Object(Illuminate/Foundation/Application), Array)
#9 G:/Cytonn task/task-api/vendor/laravel/framework/src/Illuminate/Container/Container.php(795): Illuminate/Container/Container->build(Object(Closure))
#10 G:/Cytonn task/task-api/vendor/laravel/framework/src/Illuminate/Foundation/Application.php(986): Illuminate/Container/Container->resolve('view', Array, true)
#11 G:/Cytonn task/task-api/vendor/laravel/framework/src/Illuminate/Container/Container.php(731): Illuminate/Foundation/Application->resolve('view', Array)
#12 G:/Cytonn task/task-api/vendor/laravel/framework/src/Illuminate/Foundation/Application.php(971): Illuminate/Container/Container->make('view', Array)
#13 G:/Cytonn task/task-api/vendor/laravel/framework/src/Illuminate/Container/Container.php(1454): Illuminate/Foundation/Application->make('view')
#14 G:/Cytonn task/task-api/vendor/laravel/framework/src/Illuminate/Support/Facades/Facade.php(237): Illuminate/Container/Container->offsetGet('view')
#15 G:/Cytonn task/task-api/vendor/laravel/framework/src/Illuminate/Support/Facades/Facade.php(208): Illuminate/Support/Facades/Facade::resolveFacadeInstance('view')
#16 G:/Cytonn task/task-api/vendor/laravel/framework/src/Illuminate/Support/Facades/Facade.php(349): Illuminate/Support/Facades/Facade::getFacadeRoot()
#17 G:/Cytonn task/task-api/vendor/laravel/framework/src/Illuminate/Foundation/Exceptions/RegisterErrorViewPaths.php(16): Illuminate/Support/Facades/Facade::__callStatic('replaceNamespac...', Array)
#18 G:/Cytonn task/task-api/vendor/laravel/framework/src/Illuminate/Foundation/Exceptions/Handler.php(744): Illuminate/Foundation/Exceptions/RegisterErrorViewPaths->__invoke()
#19 G:/Cytonn task/task-api/vendor/laravel/framework/src/Illuminate/Foundation/Exceptions/Handler.php(719): Illuminate/Foundation/Exceptions/Handler->registerErrorViewPaths()
#20 G:/Cytonn task/task-api/vendor/laravel/framework/src/Illuminate/Foundation/Exceptions/Handler.php(650): Illuminate/Foundation/Exceptions/Handler->renderHttpException(Object(Symfony/Component/HttpKernel/Exception/HttpException))
#21 G:/Cytonn task/task-api/vendor/laravel/framework/src/Illuminate/Foundation/Exceptions/Handler.php(556): Illuminate/Foundation/Exceptions/Handler->prepareResponse(Object(Illuminate/Http/Request), Object(Symfony/Component/HttpKernel/Exception/HttpException))
#22 G:/Cytonn task/task-api/vendor/laravel/framework/src/Illuminate/Foundation/Exceptions/Handler.php(473): Illuminate/Foundation/Exceptions/Handler->renderExceptionResponse(Object(Illuminate/Http/Request), Object(Error))
#23 G:/Cytonn task/task-api/vendor/laravel/framework/src/Illuminate/Routing/Pipeline.php(51): Illuminate/Foundation/Exceptions/Handler->render(Object(Illuminate/Http/Request), Object(Error))
#24 G:/Cytonn task/task-api/vendor/laravel/framework/src/Illuminate/Pipeline/Pipeline.php(188): Illuminate/Routing/Pipeline->handleException(Object(Illuminate/Http/Request), Object(Error))
#25 G:/Cytonn task/task-api/vendor/laravel/framework/src/Illuminate/Pipeline/Pipeline.php(119): Illuminate/Pipeline/Pipeline->Illuminate/Pipeline/{closure}(Object(Illuminate/Http/Request))
#26 G:/Cytonn task/task-api/vendor/laravel/framework/src/Illuminate/Foundation/Http/Kernel.php(175): Illuminate/Pipeline/Pipeline->then(Object(Closure))
#27 G:/Cytonn task/task-api/vendor/laravel/framework/src/Illuminate/Foundation/Http/Kernel.php(144): Illuminate/Foundation/Http/Kernel->sendRequestThroughRouter(Object(Illuminate/Http/Request))
#28 G:/Cytonn task/task-api/public/index.php(36): Illuminate/Foundation/Http/Kernel->handle(Object(Illuminate/Http/Request))
#29 G:/Cytonn task/task-api/vendor/laravel/framework/src/Illuminate/Foundation/resources/server.php(16): require_once('G://Cytonn task//...')
#30 {main}
"} 
[2026-03-30 10:31:01] production.ERROR: Illuminate\View\FileViewFinder::__construct(): Argument #2 ($paths) must be of type array, null given, called in G:\Cytonn task\task-api\vendor\laravel\framework\src\Illuminate\View\ViewServiceProvider.php on line 85 {"exception":"[object] (TypeError(code: 0): Illuminate\\View\\FileViewFinder::__construct(): Argument #2 ($paths) must be of type array, null given, called in G:\\Cytonn task\\task-api\\vendor\\laravel\\framework\\src\\Illuminate\\View\\ViewServiceProvider.php on line 85 at G:/Cytonn task/task-api/vendor/laravel/framework/src/Illuminate/View/FileViewFinder.php:53)
[stacktrace]
#0 G:/Cytonn task/task-api/vendor/laravel/framework/src/Illuminate/View/ViewServiceProvider.php(85): Illuminate/View/FileViewFinder->__construct(Object(Illuminate/Filesystem/Filesystem), NULL)
#1 G:/Cytonn task/task-api/vendor/laravel/framework/src/Illuminate/Container/Container.php(908): Illuminate/View/ViewServiceProvider->Illuminate/View/{closure}(Object(Illuminate/Foundation/Application), Array)
#2 G:/Cytonn task/task-api/vendor/laravel/framework/src/Illuminate/Container/Container.php(795): Illuminate/Container/Container->build(Object(Closure))
#3 G:/Cytonn task/task-api/vendor/laravel/framework/src/Illuminate/Foundation/Application.php(986): Illuminate/Container/Container->resolve('view.finder', Array, true)
#4 G:/Cytonn task/task-api/vendor/laravel/framework/src/Illuminate/Container/Container.php(731): Illuminate/Foundation/Application->resolve('view.finder', Array)
#5 G:/Cytonn task/task-api/vendor/laravel/framework/src/Illuminate/Foundation/Application.php(971): Illuminate/Container/Container->make('view.finder', Array)
#6 G:/Cytonn task/task-api/vendor/laravel/framework/src/Illuminate/Container/Container.php(1454): Illuminate/Foundation/Application->make('view.finder')
#7 G:/Cytonn task/task-api/vendor/laravel/framework/src/Illuminate/View/ViewServiceProvider.php(45): Illuminate/Container/Container->offsetGet('view.finder')
#8 G:/Cytonn task/task-api/vendor/laravel/framework/src/Illuminate/Container/Container.php(908): Illuminate/View/ViewServiceProvider->Illuminate/View/{closure}(Object(Illuminate/Foundation/Application), Array)
#9 G:/Cytonn task/task-api/vendor/laravel/framework/src/Illuminate/Container/Container.php(795): Illuminate/Container/Container->build(Object(Closure))
#10 G:/Cytonn task/task-api/vendor/laravel/framework/src/Illuminate/Foundation/Application.php(986): Illuminate/Container/Container->resolve('view', Array, true)
#11 G:/Cytonn task/task-api/vendor/laravel/framework/src/Illuminate/Container/Container.php(731): Illuminate/Foundation/Application->resolve('view', Array)
#12 G:/Cytonn task/task-api/vendor/laravel/framework/src/Illuminate/Foundation/Application.php(971): Illuminate/Container/Container->make('view', Array)
#13 G:/Cytonn task/task-api/vendor/laravel/framework/src/Illuminate/Container/Container.php(1454): Illuminate/Foundation/Application->make('view')
#14 G:/Cytonn task/task-api/vendor/laravel/framework/src/Illuminate/Support/Facades/Facade.php(237): Illuminate/Container/Container->offsetGet('view')
#15 G:/Cytonn task/task-api/vendor/laravel/framework/src/Illuminate/Support/Facades/Facade.php(208): Illuminate/Support/Facades/Facade::resolveFacadeInstance('view')
#16 G:/Cytonn task/task-api/vendor/laravel/framework/src/Illuminate/Support/Facades/Facade.php(349): Illuminate/Support/Facades/Facade::getFacadeRoot()
#17 G:/Cytonn task/task-api/vendor/laravel/framework/src/Illuminate/Foundation/Exceptions/RegisterErrorViewPaths.php(16): Illuminate/Support/Facades/Facade::__callStatic('replaceNamespac...', Array)
#18 G:/Cytonn task/task-api/vendor/laravel/framework/src/Illuminate/Foundation/Exceptions/Handler.php(744): Illuminate/Foundation/Exceptions/RegisterErrorViewPaths->__invoke()
#19 G:/Cytonn task/task-api/vendor/laravel/framework/src/Illuminate/Foundation/Exceptions/Handler.php(719): Illuminate/Foundation/Exceptions/Handler->registerErrorViewPaths()
#20 G:/Cytonn task/task-api/vendor/laravel/framework/src/Illuminate/Foundation/Exceptions/Handler.php(650): Illuminate/Foundation/Exceptions/Handler->renderHttpException(Object(Symfony/Component/HttpKernel/Exception/HttpException))
#21 G:/Cytonn task/task-api/vendor/laravel/framework/src/Illuminate/Foundation/Exceptions/Handler.php(556): Illuminate/Foundation/Exceptions/Handler->prepareResponse(Object(Illuminate/Http/Request), Object(Symfony/Component/HttpKernel/Exception/HttpException))
#22 G:/Cytonn task/task-api/vendor/laravel/framework/src/Illuminate/Foundation/Exceptions/Handler.php(473): Illuminate/Foundation/Exceptions/Handler->renderExceptionResponse(Object(Illuminate/Http/Request), Object(TypeError))
#23 G:/Cytonn task/task-api/vendor/laravel/framework/src/Illuminate/Foundation/Http/Kernel.php(509): Illuminate/Foundation/Exceptions/Handler->render(Object(Illuminate/Http/Request), Object(TypeError))
#24 G:/Cytonn task/task-api/vendor/laravel/framework/src/Illuminate/Foundation/Http/Kernel.php(148): Illuminate/Foundation/Http/Kernel->renderException(Object(Illuminate/Http/Request), Object(TypeError))
#25 G:/Cytonn task/task-api/public/index.php(36): Illuminate/Foundation/Http/Kernel->handle(Object(Illuminate/Http/Request))
#26 G:/Cytonn task/task-api/vendor/laravel/framework/src/Illuminate/Foundation/resources/server.php(16): require_once('G://Cytonn task//...')
#27 {main}
"} 
[2026-03-30 10:31:01] production.ERROR: Uncaught TypeError: Illuminate\View\FileViewFinder::__construct(): Argument #2 ($paths) must be of type array, null given, called in G:\Cytonn task\task-api\vendor\laravel\framework\src\Illuminate\View\ViewServiceProvider.php on line 85 and defined in G:\Cytonn task\task-api\vendor\laravel\framework\src\Illuminate\View\FileViewFinder.php:53
Stack trace:
#0 G:\Cytonn task\task-api\vendor\laravel\framework\src\Illuminate\View\ViewServiceProvider.php(85): Illuminate\View\FileViewFinder->__construct(Object(Illuminate\Filesystem\Filesystem), NULL)
#1 G:\Cytonn task\task-api\vendor\laravel\framework\src\Illuminate\Container\Container.php(908): Illuminate\View\ViewServiceProvider->Illuminate\View\{closure}(Object(Illuminate\Foundation\Application), Array)
#2 G:\Cytonn task\task-api\vendor\laravel\framework\src\Illuminate\Container\Container.php(795): Illuminate\Container\Container->build(Object(Closure))
#3 G:\Cytonn task\task-api\vendor\laravel\framework\src\Illuminate\Foundation\Application.php(986): Illuminate\Container\Container->resolve('view.finder', Array, true)
#4 G:\Cytonn task\task-api\vendor\laravel\framework\src\Illuminate\Container\Container.php(731): Illuminate\Foundation\Application->resolve('view.finder', Array)
#5 G:\Cytonn task\task-api\vendor\laravel\framework\src\Illuminate\Foundation\Application.php(971): Illuminate\Container\Container->make('view.finder', Array)
#6 G:\Cytonn task\task-api\vendor\laravel\framework\src\Illuminate\Container\Container.php(1454): Illuminate\Foundation\Application->make('view.finder')
#7 G:\Cytonn task\task-api\vendor\laravel\framework\src\Illuminate\View\ViewServiceProvider.php(45): Illuminate\Container\Container->offsetGet('view.finder')
#8 G:\Cytonn task\task-api\vendor\laravel\framework\src\Illuminate\Container\Container.php(908): Illuminate\View\ViewServiceProvider->Illuminate\View\{closure}(Object(Illuminate\Foundation\Application), Array)
#9 G:\Cytonn task\task-api\vendor\laravel\framework\src\Illuminate\Container\Container.php(795): Illuminate\Container\Container->build(Object(Closure))
#10 G:\Cytonn task\task-api\vendor\laravel\framework\src\Illuminate\Foundation\Application.php(986): Illuminate\Container\Container->resolve('view', Array, true)
#11 G:\Cytonn task\task-api\vendor\laravel\framework\src\Illuminate\Container\Container.php(731): Illuminate\Foundation\Application->resolve('view', Array)
#12 G:\Cytonn task\task-api\vendor\laravel\framework\src\Illuminate\Foundation\Application.php(971): Illuminate\Container\Container->make('view', Array)
#13 G:\Cytonn task\task-api\vendor\laravel\framework\src\Illuminate\Container\Container.php(1454): Illuminate\Foundation\Application->make('view')
#14 G:\Cytonn task\task-api\vendor\laravel\framework\src\Illuminate\Support\Facades\Facade.php(237): Illuminate\Container\Container->offsetGet('view')
#15 G:\Cytonn task\task-api\vendor\laravel\framework\src\Illuminate\Support\Facades\Facade.php(208): Illuminate\Support\Facades\Facade::resolveFacadeInstance('view')
#16 G:\Cytonn task\task-api\vendor\laravel\framework\src\Illuminate\Support\Facades\Facade.php(349): Illuminate\Support\Facades\Facade::getFacadeRoot()
#17 G:\Cytonn task\task-api\vendor\laravel\framework\src\Illuminate\Foundation\Exceptions\RegisterErrorViewPaths.php(16): Illuminate\Support\Facades\Facade::__callStatic('replaceNamespac...', Array)
#18 G:\Cytonn task\task-api\vendor\laravel\framework\src\Illuminate\Foundation\Exceptions\Handler.php(744): Illuminate\Foundation\Exceptions\RegisterErrorViewPaths->__invoke()
#19 G:\Cytonn task\task-api\vendor\laravel\framework\src\Illuminate\Foundation\Exceptions\Handler.php(719): Illuminate\Foundation\Exceptions\Handler->registerErrorViewPaths()
#20 G:\Cytonn task\task-api\vendor\laravel\framework\src\Illuminate\Foundation\Exceptions\Handler.php(650): Illuminate\Foundation\Exceptions\Handler->renderHttpException(Object(Symfony\Component\HttpKernel\Exception\HttpException))
#21 G:\Cytonn task\task-api\vendor\laravel\framework\src\Illuminate\Foundation\Exceptions\Handler.php(556): Illuminate\Foundation\Exceptions\Handler->prepareResponse(Object(Illuminate\Http\Request), Object(Symfony\Component\HttpKernel\Exception\HttpException))
#22 G:\Cytonn task\task-api\vendor\laravel\framework\src\Illuminate\Foundation\Exceptions\Handler.php(473): Illuminate\Foundation\Exceptions\Handler->renderExceptionResponse(Object(Illuminate\Http\Request), Object(TypeError))
#23 G:\Cytonn task\task-api\vendor\laravel\framework\src\Illuminate\Foundation\Bootstrap\HandleExceptions.php(218): Illuminate\Foundation\Exceptions\Handler->render(Object(Illuminate\Http\Request), Object(TypeError))
#24 G:\Cytonn task\task-api\vendor\laravel\framework\src\Illuminate\Foundation\Bootstrap\HandleExceptions.php(195): Illuminate\Foundation\Bootstrap\HandleExceptions->renderHttpResponse(Object(TypeError))
#25 G:\Cytonn task\task-api\vendor\laravel\framework\src\Illuminate\Foundation\Bootstrap\HandleExceptions.php(255): Illuminate\Foundation\Bootstrap\HandleExceptions->handleException(Object(TypeError))
#26 [internal function]: Illuminate\Foundation\Bootstrap\HandleExceptions->Illuminate\Foundation\Bootstrap\{closure}(Object(TypeError))
#27 {main}
  thrown {"exception":"[object] (Symfony\\Component\\ErrorHandler\\Error\\FatalError(code: 0): Uncaught TypeError: Illuminate\\View\\FileViewFinder::__construct(): Argument #2 ($paths) must be of type array, null given, called in G:\\Cytonn task\\task-api\\vendor\\laravel\\framework\\src\\Illuminate\\View\\ViewServiceProvider.php on line 85 and defined in G:\\Cytonn task\\task-api\\vendor\\laravel\\framework\\src\\Illuminate\\View\\FileViewFinder.php:53
Stack trace:
#0 G:\\Cytonn task\\task-api\\vendor\\laravel\\framework\\src\\Illuminate\\View\\ViewServiceProvider.php(85): Illuminate\\View\\FileViewFinder->__construct(Object(Illuminate\\Filesystem\\Filesystem), NULL)
#1 G:\\Cytonn task\\task-api\\vendor\\laravel\\framework\\src\\Illuminate\\Container\\Container.php(908): Illuminate\\View\\ViewServiceProvider->Illuminate\\View\\{closure}(Object(Illuminate\\Foundation\\Application), Array)
#2 G:\\Cytonn task\\task-api\\vendor\\laravel\\framework\\src\\Illuminate\\Container\\Container.php(795): Illuminate\\Container\\Container->build(Object(Closure))
#3 G:\\Cytonn task\\task-api\\vendor\\laravel\\framework\\src\\Illuminate\\Foundation\\Application.php(986): Illuminate\\Container\\Container->resolve('view.finder', Array, true)
#4 G:\\Cytonn task\\task-api\\vendor\\laravel\\framework\\src\\Illuminate\\Container\\Container.php(731): Illuminate\\Foundation\\Application->resolve('view.finder', Array)
#5 G:\\Cytonn task\\task-api\\vendor\\laravel\\framework\\src\\Illuminate\\Foundation\\Application.php(971): Illuminate\\Container\\Container->make('view.finder', Array)
#6 G:\\Cytonn task\\task-api\\vendor\\laravel\\framework\\src\\Illuminate\\Container\\Container.php(1454): Illuminate\\Foundation\\Application->make('view.finder')
#7 G:\\Cytonn task\\task-api\\vendor\\laravel\\framework\\src\\Illuminate\\View\\ViewServiceProvider.php(45): Illuminate\\Container\\Container->offsetGet('view.finder')
#8 G:\\Cytonn task\\task-api\\vendor\\laravel\\framework\\src\\Illuminate\\Container\\Container.php(908): Illuminate\\View\\ViewServiceProvider->Illuminate\\View\\{closure}(Object(Illuminate\\Foundation\\Application), Array)
#9 G:\\Cytonn task\\task-api\\vendor\\laravel\\framework\\src\\Illuminate\\Container\\Container.php(795): Illuminate\\Container\\Container->build(Object(Closure))
#10 G:\\Cytonn task\\task-api\\vendor\\laravel\\framework\\src\\Illuminate\\Foundation\\Application.php(986): Illuminate\\Container\\Container->resolve('view', Array, true)
#11 G:\\Cytonn task\\task-api\\vendor\\laravel\\framework\\src\\Illuminate\\Container\\Container.php(731): Illuminate\\Foundation\\Application->resolve('view', Array)
#12 G:\\Cytonn task\\task-api\\vendor\\laravel\\framework\\src\\Illuminate\\Foundation\\Application.php(971): Illuminate\\Container\\Container->make('view', Array)
#13 G:\\Cytonn task\\task-api\\vendor\\laravel\\framework\\src\\Illuminate\\Container\\Container.php(1454): Illuminate\\Foundation\\Application->make('view')
#14 G:\\Cytonn task\\task-api\\vendor\\laravel\\framework\\src\\Illuminate\\Support\\Facades\\Facade.php(237): Illuminate\\Container\\Container->offsetGet('view')
#15 G:\\Cytonn task\\task-api\\vendor\\laravel\\framework\\src\\Illuminate\\Support\\Facades\\Facade.php(208): Illuminate\\Support\\Facades\\Facade::resolveFacadeInstance('view')
#16 G:\\Cytonn task\\task-api\\vendor\\laravel\\framework\\src\\Illuminate\\Support\\Facades\\Facade.php(349): Illuminate\\Support\\Facades\\Facade::getFacadeRoot()
#17 G:\\Cytonn task\\task-api\\vendor\\laravel\\framework\\src\\Illuminate\\Foundation\\Exceptions\\RegisterErrorViewPaths.php(16): Illuminate\\Support\\Facades\\Facade::__callStatic('replaceNamespac...', Array)
#18 G:\\Cytonn task\\task-api\\vendor\\laravel\\framework\\src\\Illuminate\\Foundation\\Exceptions\\Handler.php(744): Illuminate\\Foundation\\Exceptions\\RegisterErrorViewPaths->__invoke()
#19 G:\\Cytonn task\\task-api\\vendor\\laravel\\framework\\src\\Illuminate\\Foundation\\Exceptions\\Handler.php(719): Illuminate\\Foundation\\Exceptions\\Handler->registerErrorViewPaths()
#20 G:\\Cytonn task\\task-api\\vendor\\laravel\\framework\\src\\Illuminate\\Foundation\\Exceptions\\Handler.php(650): Illuminate\\Foundation\\Exceptions\\Handler->renderHttpException(Object(Symfony\\Component\\HttpKernel\\Exception\\HttpException))
#21 G:\\Cytonn task\\task-api\\vendor\\laravel\\framework\\src\\Illuminate\\Foundation\\Exceptions\\Handler.php(556): Illuminate\\Foundation\\Exceptions\\Handler->prepareResponse(Object(Illuminate\\Http\\Request), Object(Symfony\\Component\\HttpKernel\\Exception\\HttpException))
#22 G:\\Cytonn task\\task-api\\vendor\\laravel\\framework\\src\\Illuminate\\Foundation\\Exceptions\\Handler.php(473): Illuminate\\Foundation\\Exceptions\\Handler->renderExceptionResponse(Object(Illuminate\\Http\\Request), Object(TypeError))
#23 G:\\Cytonn task\\task-api\\vendor\\laravel\\framework\\src\\Illuminate\\Foundation\\Bootstrap\\HandleExceptions.php(218): Illuminate\\Foundation\\Exceptions\\Handler->render(Object(Illuminate\\Http\\Request), Object(TypeError))
#24 G:\\Cytonn task\\task-api\\vendor\\laravel\\framework\\src\\Illuminate\\Foundation\\Bootstrap\\HandleExceptions.php(195): Illuminate\\Foundation\\Bootstrap\\HandleExceptions->renderHttpResponse(Object(TypeError))
#25 G:\\Cytonn task\\task-api\\vendor\\laravel\\framework\\src\\Illuminate\\Foundation\\Bootstrap\\HandleExceptions.php(255): Illuminate\\Foundation\\Bootstrap\\HandleExceptions->handleException(Object(TypeError))
#26 [internal function]: Illuminate\\Foundation\\Bootstrap\\HandleExceptions->Illuminate\\Foundation\\Bootstrap\\{closure}(Object(TypeError))
#27 {main}
  thrown at G:/Cytonn task/task-api/vendor/laravel/framework/src/Illuminate/View/FileViewFinder.php:53)
[stacktrace]
#0 {main}
"} 
[2026-03-30 10:35:10] production.ERROR: Class "Illuminate\Foundation\Http\Middleware\TrustProxies" not found {"exception":"[object] (Error(code: 0): Class \"Illuminate\\Foundation\\Http\\Middleware\\TrustProxies\" not found at G:/Cytonn task/task-api/app/Http/Middleware/TrustProxies.php:8)
[stacktrace]
#0 G:/Cytonn task/task-api/vendor/composer/ClassLoader.php(576): include()
#1 G:/Cytonn task/task-api/vendor/composer/ClassLoader.php(427): Composer/Autoload/{closure}('G://Cytonn task//...')
#2 [internal function]: Composer/Autoload/ClassLoader->loadClass('App//Http//Middle...')
#3 G:/Cytonn task/task-api/vendor/laravel/framework/src/Illuminate/Container/Container.php(912): ReflectionClass->__construct('App//Http//Middle...')
#4 G:/Cytonn task/task-api/vendor/laravel/framework/src/Illuminate/Container/Container.php(795): Illuminate/Container/Container->build('App//Http//Middle...')
#5 G:/Cytonn task/task-api/vendor/laravel/framework/src/Illuminate/Foundation/Application.php(986): Illuminate/Container/Container->resolve('App//Http//Middle...', Array, true)
#6 G:/Cytonn task/task-api/vendor/laravel/framework/src/Illuminate/Container/Container.php(731): Illuminate/Foundation/Application->resolve('App//Http//Middle...', Array)
#7 G:/Cytonn task/task-api/vendor/laravel/framework/src/Illuminate/Foundation/Application.php(971): Illuminate/Container/Container->make('App//Http//Middle...', Array)
#8 G:/Cytonn task/task-api/vendor/laravel/framework/src/Illuminate/Pipeline/Pipeline.php(172): Illuminate/Foundation/Application->make('App//Http//Middle...')
#9 G:/Cytonn task/task-api/vendor/laravel/framework/src/Illuminate/Pipeline/Pipeline.php(119): Illuminate/Pipeline/Pipeline->Illuminate/Pipeline/{closure}(Object(Illuminate/Http/Request))
#10 G:/Cytonn task/task-api/vendor/laravel/framework/src/Illuminate/Foundation/Http/Kernel.php(175): Illuminate/Pipeline/Pipeline->then(Object(Closure))
#11 G:/Cytonn task/task-api/vendor/laravel/framework/src/Illuminate/Foundation/Http/Kernel.php(144): Illuminate/Foundation/Http/Kernel->sendRequestThroughRouter(Object(Illuminate/Http/Request))
#12 G:/Cytonn task/task-api/public/index.php(36): Illuminate/Foundation/Http/Kernel->handle(Object(Illuminate/Http/Request))
#13 G:/Cytonn task/task-api/vendor/laravel/framework/src/Illuminate/Foundation/resources/server.php(16): require_once('G://Cytonn task//...')
#14 {main}
"} 
[2026-03-30 10:35:11] production.ERROR: Class "Illuminate\Foundation\Http\Middleware\TrustProxies" not found {"exception":"[object] (Error(code: 0): Class \"Illuminate\\Foundation\\Http\\Middleware\\TrustProxies\" not found at G:/Cytonn task/task-api/app/Http/Middleware/TrustProxies.php:8)
[stacktrace]
#0 G:/Cytonn task/task-api/vendor/composer/ClassLoader.php(576): include()
#1 G:/Cytonn task/task-api/vendor/composer/ClassLoader.php(427): Composer/Autoload/{closure}('G://Cytonn task//...')
#2 [internal function]: Composer/Autoload/ClassLoader->loadClass('App//Http//Middle...')
#3 G:/Cytonn task/task-api/vendor/laravel/framework/src/Illuminate/Container/Container.php(912): ReflectionClass->__construct('App//Http//Middle...')
#4 G:/Cytonn task/task-api/vendor/laravel/framework/src/Illuminate/Container/Container.php(795): Illuminate/Container/Container->build('App//Http//Middle...')
#5 G:/Cytonn task/task-api/vendor/laravel/framework/src/Illuminate/Foundation/Application.php(986): Illuminate/Container/Container->resolve('App//Http//Middle...', Array, true)
#6 G:/Cytonn task/task-api/vendor/laravel/framework/src/Illuminate/Container/Container.php(731): Illuminate/Foundation/Application->resolve('App//Http//Middle...', Array)
#7 G:/Cytonn task/task-api/vendor/laravel/framework/src/Illuminate/Foundation/Application.php(971): Illuminate/Container/Container->make('App//Http//Middle...', Array)
#8 G:/Cytonn task/task-api/vendor/laravel/framework/src/Illuminate/Foundation/Http/Kernel.php(255): Illuminate/Foundation/Application->make('App//Http//Middle...')
#9 G:/Cytonn task/task-api/vendor/laravel/framework/src/Illuminate/Foundation/Http/Kernel.php(213): Illuminate/Foundation/Http/Kernel->terminateMiddleware(Object(Illuminate/Http/Request), Object(Illuminate/Http/Response))
#10 G:/Cytonn task/task-api/public/index.php(40): Illuminate/Foundation/Http/Kernel->terminate(Object(Illuminate/Http/Request), Object(Illuminate/Http/Response))
#11 G:/Cytonn task/task-api/vendor/laravel/framework/src/Illuminate/Foundation/resources/server.php(16): require_once('G://Cytonn task//...')
#12 {main}
"} 
[2026-03-30 10:35:11] production.ERROR: Class "Illuminate\Foundation\Http\Middleware\TrustProxies" not found {"exception":"[object] (Error(code: 0): Class \"Illuminate\\Foundation\\Http\\Middleware\\TrustProxies\" not found at G:/Cytonn task/task-api/app/Http/Middleware/TrustProxies.php:8)
[stacktrace]
#0 G:/Cytonn task/task-api/vendor/composer/ClassLoader.php(576): include()
#1 G:/Cytonn task/task-api/vendor/composer/ClassLoader.php(427): Composer/Autoload/{closure}('G://Cytonn task//...')
#2 [internal function]: Composer/Autoload/ClassLoader->loadClass('App//Http//Middle...')
#3 G:/Cytonn task/task-api/vendor/laravel/framework/src/Illuminate/Container/Container.php(912): ReflectionClass->__construct('App//Http//Middle...')
#4 G:/Cytonn task/task-api/vendor/laravel/framework/src/Illuminate/Container/Container.php(795): Illuminate/Container/Container->build('App//Http//Middle...')
#5 G:/Cytonn task/task-api/vendor/laravel/framework/src/Illuminate/Foundation/Application.php(986): Illuminate/Container/Container->resolve('App//Http//Middle...', Array, true)
#6 G:/Cytonn task/task-api/vendor/laravel/framework/src/Illuminate/Container/Container.php(731): Illuminate/Foundation/Application->resolve('App//Http//Middle...', Array)
#7 G:/Cytonn task/task-api/vendor/laravel/framework/src/Illuminate/Foundation/Application.php(971): Illuminate/Container/Container->make('App//Http//Middle...', Array)
#8 G:/Cytonn task/task-api/vendor/laravel/framework/src/Illuminate/Pipeline/Pipeline.php(172): Illuminate/Foundation/Application->make('App//Http//Middle...')
#9 G:/Cytonn task/task-api/vendor/laravel/framework/src/Illuminate/Pipeline/Pipeline.php(119): Illuminate/Pipeline/Pipeline->Illuminate/Pipeline/{closure}(Object(Illuminate/Http/Request))
#10 G:/Cytonn task/task-api/vendor/laravel/framework/src/Illuminate/Foundation/Http/Kernel.php(175): Illuminate/Pipeline/Pipeline->then(Object(Closure))
#11 G:/Cytonn task/task-api/vendor/laravel/framework/src/Illuminate/Foundation/Http/Kernel.php(144): Illuminate/Foundation/Http/Kernel->sendRequestThroughRouter(Object(Illuminate/Http/Request))
#12 G:/Cytonn task/task-api/public/index.php(36): Illuminate/Foundation/Http/Kernel->handle(Object(Illuminate/Http/Request))
#13 G:/Cytonn task/task-api/vendor/laravel/framework/src/Illuminate/Foundation/resources/server.php(16): require_once('G://Cytonn task//...')
#14 {main}
"} 
[2026-03-30 10:35:11] production.ERROR: Class "Illuminate\Foundation\Http\Middleware\TrustProxies" not found {"exception":"[object] (Error(code: 0): Class \"Illuminate\\Foundation\\Http\\Middleware\\TrustProxies\" not found at G:/Cytonn task/task-api/app/Http/Middleware/TrustProxies.php:8)
[stacktrace]
#0 G:/Cytonn task/task-api/vendor/composer/ClassLoader.php(576): include()
#1 G:/Cytonn task/task-api/vendor/composer/ClassLoader.php(427): Composer/Autoload/{closure}('G://Cytonn task//...')
#2 [internal function]: Composer/Autoload/ClassLoader->loadClass('App//Http//Middle...')
#3 G:/Cytonn task/task-api/vendor/laravel/framework/src/Illuminate/Container/Container.php(912): ReflectionClass->__construct('App//Http//Middle...')
#4 G:/Cytonn task/task-api/vendor/laravel/framework/src/Illuminate/Container/Container.php(795): Illuminate/Container/Container->build('App//Http//Middle...')
#5 G:/Cytonn task/task-api/vendor/laravel/framework/src/Illuminate/Foundation/Application.php(986): Illuminate/Container/Container->resolve('App//Http//Middle...', Array, true)
#6 G:/Cytonn task/task-api/vendor/laravel/framework/src/Illuminate/Container/Container.php(731): Illuminate/Foundation/Application->resolve('App//Http//Middle...', Array)
#7 G:/Cytonn task/task-api/vendor/laravel/framework/src/Illuminate/Foundation/Application.php(971): Illuminate/Container/Container->make('App//Http//Middle...', Array)
#8 G:/Cytonn task/task-api/vendor/laravel/framework/src/Illuminate/Foundation/Http/Kernel.php(255): Illuminate/Foundation/Application->make('App//Http//Middle...')
#9 G:/Cytonn task/task-api/vendor/laravel/framework/src/Illuminate/Foundation/Http/Kernel.php(213): Illuminate/Foundation/Http/Kernel->terminateMiddleware(Object(Illuminate/Http/Request), Object(Illuminate/Http/Response))
#10 G:/Cytonn task/task-api/public/index.php(40): Illuminate/Foundation/Http/Kernel->terminate(Object(Illuminate/Http/Request), Object(Illuminate/Http/Response))
#11 G:/Cytonn task/task-api/vendor/laravel/framework/src/Illuminate/Foundation/resources/server.php(16): require_once('G://Cytonn task//...')
#12 {main}
"} 
[2026-03-30 10:36:42] production.ERROR: No application encryption key has been specified. {"exception":"[object] (Illuminate\\Encryption\\MissingAppKeyException(code: 0): No application encryption key has been specified. at G:/Cytonn task/task-api/vendor/laravel/framework/src/Illuminate/Encryption/EncryptionServiceProvider.php:79)
[stacktrace]
#0 G:/Cytonn task/task-api/vendor/laravel/framework/src/Illuminate/Support/helpers.php(320): Illuminate/Encryption/EncryptionServiceProvider->Illuminate/Encryption/{closure}(NULL)
#1 G:/Cytonn task/task-api/vendor/laravel/framework/src/Illuminate/Encryption/EncryptionServiceProvider.php(77): tap(NULL, Object(Closure))
#2 G:/Cytonn task/task-api/vendor/laravel/framework/src/Illuminate/Encryption/EncryptionServiceProvider.php(60): Illuminate/Encryption/EncryptionServiceProvider->key(Array)
#3 G:/Cytonn task/task-api/vendor/laravel/framework/src/Illuminate/Encryption/EncryptionServiceProvider.php(32): Illuminate/Encryption/EncryptionServiceProvider->parseKey(Array)
#4 G:/Cytonn task/task-api/vendor/laravel/framework/src/Illuminate/Container/Container.php(908): Illuminate/Encryption/EncryptionServiceProvider->Illuminate/Encryption/{closure}(Object(Illuminate/Foundation/Application), Array)
#5 G:/Cytonn task/task-api/vendor/laravel/framework/src/Illuminate/Container/Container.php(795): Illuminate/Container/Container->build(Object(Closure))
#6 G:/Cytonn task/task-api/vendor/laravel/framework/src/Illuminate/Foundation/Application.php(986): Illuminate/Container/Container->resolve('encrypter', Array, true)
#7 G:/Cytonn task/task-api/vendor/laravel/framework/src/Illuminate/Container/Container.php(731): Illuminate/Foundation/Application->resolve('encrypter', Array)
#8 G:/Cytonn task/task-api/vendor/laravel/framework/src/Illuminate/Foundation/Application.php(971): Illuminate/Container/Container->make('encrypter', Array)
#9 G:/Cytonn task/task-api/vendor/laravel/framework/src/Illuminate/Container/Container.php(1066): Illuminate/Foundation/Application->make('encrypter')
#10 G:/Cytonn task/task-api/vendor/laravel/framework/src/Illuminate/Container/Container.php(982): Illuminate/Container/Container->resolveClass(Object(ReflectionParameter))
#11 G:/Cytonn task/task-api/vendor/laravel/framework/src/Illuminate/Container/Container.php(943): Illuminate/Container/Container->resolveDependencies(Array)
#12 G:/Cytonn task/task-api/vendor/laravel/framework/src/Illuminate/Container/Container.php(795): Illuminate/Container/Container->build('App//Http//Middle...')
#13 G:/Cytonn task/task-api/vendor/laravel/framework/src/Illuminate/Foundation/Application.php(986): Illuminate/Container/Container->resolve('App//Http//Middle...', Array, true)
#14 G:/Cytonn task/task-api/vendor/laravel/framework/src/Illuminate/Container/Container.php(731): Illuminate/Foundation/Application->resolve('App//Http//Middle...', Array)
#15 G:/Cytonn task/task-api/vendor/laravel/framework/src/Illuminate/Foundation/Application.php(971): Illuminate/Container/Container->make('App//Http//Middle...', Array)
#16 G:/Cytonn task/task-api/vendor/laravel/framework/src/Illuminate/Pipeline/Pipeline.php(172): Illuminate/Foundation/Application->make('App//Http//Middle...')
#17 G:/Cytonn task/task-api/vendor/laravel/framework/src/Illuminate/Pipeline/Pipeline.php(119): Illuminate/Pipeline/Pipeline->Illuminate/Pipeline/{closure}(Object(Illuminate/Http/Request))
#18 G:/Cytonn task/task-api/vendor/laravel/framework/src/Illuminate/Routing/Router.php(805): Illuminate/Pipeline/Pipeline->then(Object(Closure))
#19 G:/Cytonn task/task-api/vendor/laravel/framework/src/Illuminate/Routing/Router.php(784): Illuminate/Routing/Router->runRouteWithinStack(Object(Illuminate/Routing/Route), Object(Illuminate/Http/Request))
#20 G:/Cytonn task/task-api/vendor/laravel/framework/src/Illuminate/Routing/Router.php(748): Illuminate/Routing/Router->runRoute(Object(Illuminate/Http/Request), Object(Illuminate/Routing/Route))
#21 G:/Cytonn task/task-api/vendor/laravel/framework/src/Illuminate/Routing/Router.php(737): Illuminate/Routing/Router->dispatchToRoute(Object(Illuminate/Http/Request))
#22 G:/Cytonn task/task-api/vendor/laravel/framework/src/Illuminate/Foundation/Http/Kernel.php(200): Illuminate/Routing/Router->dispatch(Object(Illuminate/Http/Request))
#23 G:/Cytonn task/task-api/vendor/laravel/framework/src/Illuminate/Pipeline/Pipeline.php(144): Illuminate/Foundation/Http/Kernel->Illuminate/Foundation/Http/{closure}(Object(Illuminate/Http/Request))
#24 G:/Cytonn task/task-api/vendor/laravel/framework/src/Illuminate/Foundation/Http/Middleware/TransformsRequest.php(21): Illuminate/Pipeline/Pipeline->Illuminate/Pipeline/{closure}(Object(Illuminate/Http/Request))
#25 G:/Cytonn task/task-api/vendor/laravel/framework/src/Illuminate/Foundation/Http/Middleware/ConvertEmptyStringsToNull.php(31): Illuminate/Foundation/Http/Middleware/TransformsRequest->handle(Object(Illuminate/Http/Request), Object(Closure))
#26 G:/Cytonn task/task-api/vendor/laravel/framework/src/Illuminate/Pipeline/Pipeline.php(183): Illuminate/Foundation/Http/Middleware/ConvertEmptyStringsToNull->handle(Object(Illuminate/Http/Request), Object(Closure))
#27 G:/Cytonn task/task-api/vendor/laravel/framework/src/Illuminate/Foundation/Http/Middleware/TransformsRequest.php(21): Illuminate/Pipeline/Pipeline->Illuminate/Pipeline/{closure}(Object(Illuminate/Http/Request))
#28 G:/Cytonn task/task-api/vendor/laravel/framework/src/Illuminate/Foundation/Http/Middleware/TrimStrings.php(40): Illuminate/Foundation/Http/Middleware/TransformsRequest->handle(Object(Illuminate/Http/Request), Object(Closure))
#29 G:/Cytonn task/task-api/vendor/laravel/framework/src/Illuminate/Pipeline/Pipeline.php(183): Illuminate/Foundation/Http/Middleware/TrimStrings->handle(Object(Illuminate/Http/Request), Object(Closure))
#30 G:/Cytonn task/task-api/vendor/laravel/framework/src/Illuminate/Foundation/Http/Middleware/ValidatePostSize.php(27): Illuminate/Pipeline/Pipeline->Illuminate/Pipeline/{closure}(Object(Illuminate/Http/Request))
#31 G:/Cytonn task/task-api/vendor/laravel/framework/src/Illuminate/Pipeline/Pipeline.php(183): Illuminate/Foundation/Http/Middleware/ValidatePostSize->handle(Object(Illuminate/Http/Request), Object(Closure))
#32 G:/Cytonn task/task-api/vendor/laravel/framework/src/Illuminate/Foundation/Http/Middleware/PreventRequestsDuringMaintenance.php(99): Illuminate/Pipeline/Pipeline->Illuminate/Pipeline/{closure}(Object(Illuminate/Http/Request))
#33 G:/Cytonn task/task-api/vendor/laravel/framework/src/Illuminate/Pipeline/Pipeline.php(183): Illuminate/Foundation/Http/Middleware/PreventRequestsDuringMaintenance->handle(Object(Illuminate/Http/Request), Object(Closure))
#34 G:/Cytonn task/task-api/vendor/laravel/framework/src/Illuminate/Http/Middleware/HandleCors.php(49): Illuminate/Pipeline/Pipeline->Illuminate/Pipeline/{closure}(Object(Illuminate/Http/Request))
#35 G:/Cytonn task/task-api/vendor/laravel/framework/src/Illuminate/Pipeline/Pipeline.php(183): Illuminate/Http/Middleware/HandleCors->handle(Object(Illuminate/Http/Request), Object(Closure))
#36 G:/Cytonn task/task-api/app/Http/Middleware/TrustProxies.php(12): Illuminate/Pipeline/Pipeline->Illuminate/Pipeline/{closure}(Object(Illuminate/Http/Request))
#37 G:/Cytonn task/task-api/vendor/laravel/framework/src/Illuminate/Pipeline/Pipeline.php(183): App/Http/Middleware/TrustProxies->handle(Object(Illuminate/Http/Request), Object(Closure))
#38 G:/Cytonn task/task-api/vendor/laravel/framework/src/Illuminate/Pipeline/Pipeline.php(119): Illuminate/Pipeline/Pipeline->Illuminate/Pipeline/{closure}(Object(Illuminate/Http/Request))
#39 G:/Cytonn task/task-api/vendor/laravel/framework/src/Illuminate/Foundation/Http/Kernel.php(175): Illuminate/Pipeline/Pipeline->then(Object(Closure))
#40 G:/Cytonn task/task-api/vendor/laravel/framework/src/Illuminate/Foundation/Http/Kernel.php(144): Illuminate/Foundation/Http/Kernel->sendRequestThroughRouter(Object(Illuminate/Http/Request))
#41 G:/Cytonn task/task-api/public/index.php(36): Illuminate/Foundation/Http/Kernel->handle(Object(Illuminate/Http/Request))
#42 G:/Cytonn task/task-api/vendor/laravel/framework/src/Illuminate/Foundation/resources/server.php(16): require_once('G://Cytonn task//...')
#43 {main}
"} 
[2026-03-30 10:36:42] production.ERROR: No application encryption key has been specified. {"exception":"[object] (Illuminate\\Encryption\\MissingAppKeyException(code: 0): No application encryption key has been specified. at G:/Cytonn task/task-api/vendor/laravel/framework/src/Illuminate/Encryption/EncryptionServiceProvider.php:79)
[stacktrace]
#0 G:/Cytonn task/task-api/vendor/laravel/framework/src/Illuminate/Support/helpers.php(320): Illuminate/Encryption/EncryptionServiceProvider->Illuminate/Encryption/{closure}(NULL)
#1 G:/Cytonn task/task-api/vendor/laravel/framework/src/Illuminate/Encryption/EncryptionServiceProvider.php(77): tap(NULL, Object(Closure))
#2 G:/Cytonn task/task-api/vendor/laravel/framework/src/Illuminate/Encryption/EncryptionServiceProvider.php(60): Illuminate/Encryption/EncryptionServiceProvider->key(Array)
#3 G:/Cytonn task/task-api/vendor/laravel/framework/src/Illuminate/Encryption/EncryptionServiceProvider.php(32): Illuminate/Encryption/EncryptionServiceProvider->parseKey(Array)
#4 G:/Cytonn task/task-api/vendor/laravel/framework/src/Illuminate/Container/Container.php(908): Illuminate/Encryption/EncryptionServiceProvider->Illuminate/Encryption/{closure}(Object(Illuminate/Foundation/Application), Array)
#5 G:/Cytonn task/task-api/vendor/laravel/framework/src/Illuminate/Container/Container.php(795): Illuminate/Container/Container->build(Object(Closure))
#6 G:/Cytonn task/task-api/vendor/laravel/framework/src/Illuminate/Foundation/Application.php(986): Illuminate/Container/Container->resolve('encrypter', Array, true)
#7 G:/Cytonn task/task-api/vendor/laravel/framework/src/Illuminate/Container/Container.php(731): Illuminate/Foundation/Application->resolve('encrypter', Array)
#8 G:/Cytonn task/task-api/vendor/laravel/framework/src/Illuminate/Foundation/Application.php(971): Illuminate/Container/Container->make('encrypter', Array)
#9 G:/Cytonn task/task-api/vendor/laravel/framework/src/Illuminate/Container/Container.php(1066): Illuminate/Foundation/Application->make('encrypter')
#10 G:/Cytonn task/task-api/vendor/laravel/framework/src/Illuminate/Container/Container.php(982): Illuminate/Container/Container->resolveClass(Object(ReflectionParameter))
#11 G:/Cytonn task/task-api/vendor/laravel/framework/src/Illuminate/Container/Container.php(943): Illuminate/Container/Container->resolveDependencies(Array)
#12 G:/Cytonn task/task-api/vendor/laravel/framework/src/Illuminate/Container/Container.php(795): Illuminate/Container/Container->build('App//Http//Middle...')
#13 G:/Cytonn task/task-api/vendor/laravel/framework/src/Illuminate/Foundation/Application.php(986): Illuminate/Container/Container->resolve('App//Http//Middle...', Array, true)
#14 G:/Cytonn task/task-api/vendor/laravel/framework/src/Illuminate/Container/Container.php(731): Illuminate/Foundation/Application->resolve('App//Http//Middle...', Array)
#15 G:/Cytonn task/task-api/vendor/laravel/framework/src/Illuminate/Foundation/Application.php(971): Illuminate/Container/Container->make('App//Http//Middle...', Array)
#16 G:/Cytonn task/task-api/vendor/laravel/framework/src/Illuminate/Foundation/Http/Kernel.php(255): Illuminate/Foundation/Application->make('App//Http//Middle...')
#17 G:/Cytonn task/task-api/vendor/laravel/framework/src/Illuminate/Foundation/Http/Kernel.php(213): Illuminate/Foundation/Http/Kernel->terminateMiddleware(Object(Illuminate/Http/Request), Object(Illuminate/Http/Response))
#18 G:/Cytonn task/task-api/public/index.php(40): Illuminate/Foundation/Http/Kernel->terminate(Object(Illuminate/Http/Request), Object(Illuminate/Http/Response))
#19 G:/Cytonn task/task-api/vendor/laravel/framework/src/Illuminate/Foundation/resources/server.php(16): require_once('G://Cytonn task//...')
#20 {main}
"} 
[2026-03-30 10:38:46] production.ERROR: No application encryption key has been specified. {"exception":"[object] (Illuminate\\Encryption\\MissingAppKeyException(code: 0): No application encryption key has been specified. at G:/Cytonn task/task-api/vendor/laravel/framework/src/Illuminate/Encryption/EncryptionServiceProvider.php:79)
[stacktrace]
#0 G:/Cytonn task/task-api/vendor/laravel/framework/src/Illuminate/Support/helpers.php(320): Illuminate/Encryption/EncryptionServiceProvider->Illuminate/Encryption/{closure}(NULL)
#1 G:/Cytonn task/task-api/vendor/laravel/framework/src/Illuminate/Encryption/EncryptionServiceProvider.php(77): tap(NULL, Object(Closure))
#2 G:/Cytonn task/task-api/vendor/laravel/framework/src/Illuminate/Encryption/EncryptionServiceProvider.php(60): Illuminate/Encryption/EncryptionServiceProvider->key(Array)
#3 G:/Cytonn task/task-api/vendor/laravel/framework/src/Illuminate/Encryption/EncryptionServiceProvider.php(32): Illuminate/Encryption/EncryptionServiceProvider->parseKey(Array)
#4 G:/Cytonn task/task-api/vendor/laravel/framework/src/Illuminate/Container/Container.php(908): Illuminate/Encryption/EncryptionServiceProvider->Illuminate/Encryption/{closure}(Object(Illuminate/Foundation/Application), Array)
#5 G:/Cytonn task/task-api/vendor/laravel/framework/src/Illuminate/Container/Container.php(795): Illuminate/Container/Container->build(Object(Closure))
#6 G:/Cytonn task/task-api/vendor/laravel/framework/src/Illuminate/Foundation/Application.php(986): Illuminate/Container/Container->resolve('encrypter', Array, true)
#7 G:/Cytonn task/task-api/vendor/laravel/framework/src/Illuminate/Container/Container.php(731): Illuminate/Foundation/Application->resolve('encrypter', Array)
#8 G:/Cytonn task/task-api/vendor/laravel/framework/src/Illuminate/Foundation/Application.php(971): Illuminate/Container/Container->make('encrypter', Array)
#9 G:/Cytonn task/task-api/vendor/laravel/framework/src/Illuminate/Container/Container.php(1066): Illuminate/Foundation/Application->make('encrypter')
#10 G:/Cytonn task/task-api/vendor/laravel/framework/src/Illuminate/Container/Container.php(982): Illuminate/Container/Container->resolveClass(Object(ReflectionParameter))
#11 G:/Cytonn task/task-api/vendor/laravel/framework/src/Illuminate/Container/Container.php(943): Illuminate/Container/Container->resolveDependencies(Array)
#12 G:/Cytonn task/task-api/vendor/laravel/framework/src/Illuminate/Container/Container.php(795): Illuminate/Container/Container->build('App//Http//Middle...')
#13 G:/Cytonn task/task-api/vendor/laravel/framework/src/Illuminate/Foundation/Application.php(986): Illuminate/Container/Container->resolve('App//Http//Middle...', Array, true)
#14 G:/Cytonn task/task-api/vendor/laravel/framework/src/Illuminate/Container/Container.php(731): Illuminate/Foundation/Application->resolve('App//Http//Middle...', Array)
#15 G:/Cytonn task/task-api/vendor/laravel/framework/src/Illuminate/Foundation/Application.php(971): Illuminate/Container/Container->make('App//Http//Middle...', Array)
#16 G:/Cytonn task/task-api/vendor/laravel/framework/src/Illuminate/Pipeline/Pipeline.php(172): Illuminate/Foundation/Application->make('App//Http//Middle...')
#17 G:/Cytonn task/task-api/vendor/laravel/framework/src/Illuminate/Pipeline/Pipeline.php(119): Illuminate/Pipeline/Pipeline->Illuminate/Pipeline/{closure}(Object(Illuminate/Http/Request))
#18 G:/Cytonn task/task-api/vendor/laravel/framework/src/Illuminate/Routing/Router.php(805): Illuminate/Pipeline/Pipeline->then(Object(Closure))
#19 G:/Cytonn task/task-api/vendor/laravel/framework/src/Illuminate/Routing/Router.php(784): Illuminate/Routing/Router->runRouteWithinStack(Object(Illuminate/Routing/Route), Object(Illuminate/Http/Request))
#20 G:/Cytonn task/task-api/vendor/laravel/framework/src/Illuminate/Routing/Router.php(748): Illuminate/Routing/Router->runRoute(Object(Illuminate/Http/Request), Object(Illuminate/Routing/Route))
#21 G:/Cytonn task/task-api/vendor/laravel/framework/src/Illuminate/Routing/Router.php(737): Illuminate/Routing/Router->dispatchToRoute(Object(Illuminate/Http/Request))
#22 G:/Cytonn task/task-api/vendor/laravel/framework/src/Illuminate/Foundation/Http/Kernel.php(200): Illuminate/Routing/Router->dispatch(Object(Illuminate/Http/Request))
#23 G:/Cytonn task/task-api/vendor/laravel/framework/src/Illuminate/Pipeline/Pipeline.php(144): Illuminate/Foundation/Http/Kernel->Illuminate/Foundation/Http/{closure}(Object(Illuminate/Http/Request))
#24 G:/Cytonn task/task-api/vendor/laravel/framework/src/Illuminate/Foundation/Http/Middleware/TransformsRequest.php(21): Illuminate/Pipeline/Pipeline->Illuminate/Pipeline/{closure}(Object(Illuminate/Http/Request))
#25 G:/Cytonn task/task-api/vendor/laravel/framework/src/Illuminate/Foundation/Http/Middleware/ConvertEmptyStringsToNull.php(31): Illuminate/Foundation/Http/Middleware/TransformsRequest->handle(Object(Illuminate/Http/Request), Object(Closure))
#26 G:/Cytonn task/task-api/vendor/laravel/framework/src/Illuminate/Pipeline/Pipeline.php(183): Illuminate/Foundation/Http/Middleware/ConvertEmptyStringsToNull->handle(Object(Illuminate/Http/Request), Object(Closure))
#27 G:/Cytonn task/task-api/vendor/laravel/framework/src/Illuminate/Foundation/Http/Middleware/TransformsRequest.php(21): Illuminate/Pipeline/Pipeline->Illuminate/Pipeline/{closure}(Object(Illuminate/Http/Request))
#28 G:/Cytonn task/task-api/vendor/laravel/framework/src/Illuminate/Foundation/Http/Middleware/TrimStrings.php(40): Illuminate/Foundation/Http/Middleware/TransformsRequest->handle(Object(Illuminate/Http/Request), Object(Closure))
#29 G:/Cytonn task/task-api/vendor/laravel/framework/src/Illuminate/Pipeline/Pipeline.php(183): Illuminate/Foundation/Http/Middleware/TrimStrings->handle(Object(Illuminate/Http/Request), Object(Closure))
#30 G:/Cytonn task/task-api/vendor/laravel/framework/src/Illuminate/Foundation/Http/Middleware/ValidatePostSize.php(27): Illuminate/Pipeline/Pipeline->Illuminate/Pipeline/{closure}(Object(Illuminate/Http/Request))
#31 G:/Cytonn task/task-api/vendor/laravel/framework/src/Illuminate/Pipeline/Pipeline.php(183): Illuminate/Foundation/Http/Middleware/ValidatePostSize->handle(Object(Illuminate/Http/Request), Object(Closure))
#32 G:/Cytonn task/task-api/vendor/laravel/framework/src/Illuminate/Foundation/Http/Middleware/PreventRequestsDuringMaintenance.php(99): Illuminate/Pipeline/Pipeline->Illuminate/Pipeline/{closure}(Object(Illuminate/Http/Request))
#33 G:/Cytonn task/task-api/vendor/laravel/framework/src/Illuminate/Pipeline/Pipeline.php(183): Illuminate/Foundation/Http/Middleware/PreventRequestsDuringMaintenance->handle(Object(Illuminate/Http/Request), Object(Closure))
#34 G:/Cytonn task/task-api/vendor/laravel/framework/src/Illuminate/Http/Middleware/HandleCors.php(49): Illuminate/Pipeline/Pipeline->Illuminate/Pipeline/{closure}(Object(Illuminate/Http/Request))
#35 G:/Cytonn task/task-api/vendor/laravel/framework/src/Illuminate/Pipeline/Pipeline.php(183): Illuminate/Http/Middleware/HandleCors->handle(Object(Illuminate/Http/Request), Object(Closure))
#36 G:/Cytonn task/task-api/app/Http/Middleware/TrustProxies.php(12): Illuminate/Pipeline/Pipeline->Illuminate/Pipeline/{closure}(Object(Illuminate/Http/Request))
#37 G:/Cytonn task/task-api/vendor/laravel/framework/src/Illuminate/Pipeline/Pipeline.php(183): App/Http/Middleware/TrustProxies->handle(Object(Illuminate/Http/Request), Object(Closure))
#38 G:/Cytonn task/task-api/vendor/laravel/framework/src/Illuminate/Pipeline/Pipeline.php(119): Illuminate/Pipeline/Pipeline->Illuminate/Pipeline/{closure}(Object(Illuminate/Http/Request))
#39 G:/Cytonn task/task-api/vendor/laravel/framework/src/Illuminate/Foundation/Http/Kernel.php(175): Illuminate/Pipeline/Pipeline->then(Object(Closure))
#40 G:/Cytonn task/task-api/vendor/laravel/framework/src/Illuminate/Foundation/Http/Kernel.php(144): Illuminate/Foundation/Http/Kernel->sendRequestThroughRouter(Object(Illuminate/Http/Request))
#41 G:/Cytonn task/task-api/public/index.php(36): Illuminate/Foundation/Http/Kernel->handle(Object(Illuminate/Http/Request))
#42 G:/Cytonn task/task-api/vendor/laravel/framework/src/Illuminate/Foundation/resources/server.php(16): require_once('G://Cytonn task//...')
#43 {main}
"} 
[2026-03-30 10:38:46] production.ERROR: No application encryption key has been specified. {"exception":"[object] (Illuminate\\Encryption\\MissingAppKeyException(code: 0): No application encryption key has been specified. at G:/Cytonn task/task-api/vendor/laravel/framework/src/Illuminate/Encryption/EncryptionServiceProvider.php:79)
[stacktrace]
#0 G:/Cytonn task/task-api/vendor/laravel/framework/src/Illuminate/Support/helpers.php(320): Illuminate/Encryption/EncryptionServiceProvider->Illuminate/Encryption/{closure}(NULL)
#1 G:/Cytonn task/task-api/vendor/laravel/framework/src/Illuminate/Encryption/EncryptionServiceProvider.php(77): tap(NULL, Object(Closure))
#2 G:/Cytonn task/task-api/vendor/laravel/framework/src/Illuminate/Encryption/EncryptionServiceProvider.php(60): Illuminate/Encryption/EncryptionServiceProvider->key(Array)
#3 G:/Cytonn task/task-api/vendor/laravel/framework/src/Illuminate/Encryption/EncryptionServiceProvider.php(32): Illuminate/Encryption/EncryptionServiceProvider->parseKey(Array)
#4 G:/Cytonn task/task-api/vendor/laravel/framework/src/Illuminate/Container/Container.php(908): Illuminate/Encryption/EncryptionServiceProvider->Illuminate/Encryption/{closure}(Object(Illuminate/Foundation/Application), Array)
#5 G:/Cytonn task/task-api/vendor/laravel/framework/src/Illuminate/Container/Container.php(795): Illuminate/Container/Container->build(Object(Closure))
#6 G:/Cytonn task/task-api/vendor/laravel/framework/src/Illuminate/Foundation/Application.php(986): Illuminate/Container/Container->resolve('encrypter', Array, true)
#7 G:/Cytonn task/task-api/vendor/laravel/framework/src/Illuminate/Container/Container.php(731): Illuminate/Foundation/Application->resolve('encrypter', Array)
#8 G:/Cytonn task/task-api/vendor/laravel/framework/src/Illuminate/Foundation/Application.php(971): Illuminate/Container/Container->make('encrypter', Array)
#9 G:/Cytonn task/task-api/vendor/laravel/framework/src/Illuminate/Container/Container.php(1066): Illuminate/Foundation/Application->make('encrypter')
#10 G:/Cytonn task/task-api/vendor/laravel/framework/src/Illuminate/Container/Container.php(982): Illuminate/Container/Container->resolveClass(Object(ReflectionParameter))
#11 G:/Cytonn task/task-api/vendor/laravel/framework/src/Illuminate/Container/Container.php(943): Illuminate/Container/Container->resolveDependencies(Array)
#12 G:/Cytonn task/task-api/vendor/laravel/framework/src/Illuminate/Container/Container.php(795): Illuminate/Container/Container->build('App//Http//Middle...')
#13 G:/Cytonn task/task-api/vendor/laravel/framework/src/Illuminate/Foundation/Application.php(986): Illuminate/Container/Container->resolve('App//Http//Middle...', Array, true)
#14 G:/Cytonn task/task-api/vendor/laravel/framework/src/Illuminate/Container/Container.php(731): Illuminate/Foundation/Application->resolve('App//Http//Middle...', Array)
#15 G:/Cytonn task/task-api/vendor/laravel/framework/src/Illuminate/Foundation/Application.php(971): Illuminate/Container/Container->make('App//Http//Middle...', Array)
#16 G:/Cytonn task/task-api/vendor/laravel/framework/src/Illuminate/Foundation/Http/Kernel.php(255): Illuminate/Foundation/Application->make('App//Http//Middle...')
#17 G:/Cytonn task/task-api/vendor/laravel/framework/src/Illuminate/Foundation/Http/Kernel.php(213): Illuminate/Foundation/Http/Kernel->terminateMiddleware(Object(Illuminate/Http/Request), Object(Illuminate/Http/Response))
#18 G:/Cytonn task/task-api/public/index.php(40): Illuminate/Foundation/Http/Kernel->terminate(Object(Illuminate/Http/Request), Object(Illuminate/Http/Response))
#19 G:/Cytonn task/task-api/vendor/laravel/framework/src/Illuminate/Foundation/resources/server.php(16): require_once('G://Cytonn task//...')
#20 {main}
"} 
[2026-03-30 10:44:54] production.ERROR: SQLSTATE[42S02]: Base table or view not found: 1146 Table 'task_api.tasks' doesn't exist (Connection: mysql, SQL: insert into `tasks` (`title`, `due_date`, `priority`, `status`, `updated_at`, `created_at`) values (Set up CI/CD pipeline, 2026-03-31 00:00:00, high, pending, 2026-03-30 10:44:54, 2026-03-30 10:44:54)) {"exception":"[object] (Illuminate\\Database\\QueryException(code: 42S02): SQLSTATE[42S02]: Base table or view not found: 1146 Table 'task_api.tasks' doesn't exist (Connection: mysql, SQL: insert into `tasks` (`title`, `due_date`, `priority`, `status`, `updated_at`, `created_at`) values (Set up CI/CD pipeline, 2026-03-31 00:00:00, high, pending, 2026-03-30 10:44:54, 2026-03-30 10:44:54)) at G:/Cytonn task/task-api/vendor/laravel/framework/src/Illuminate/Database/Connection.php:829)
[stacktrace]
#0 G:/Cytonn task/task-api/vendor/laravel/framework/src/Illuminate/Database/Connection.php(783): Illuminate/Database/Connection->runQueryCallback('insert into `ta...', Array, Object(Closure))
#1 G:/Cytonn task/task-api/vendor/laravel/framework/src/Illuminate/Database/MySqlConnection.php(34): Illuminate/Database/Connection->run('insert into `ta...', Array, Object(Closure))
#2 G:/Cytonn task/task-api/vendor/laravel/framework/src/Illuminate/Database/Query/Processors/MySqlProcessor.php(35): Illuminate/Database/MySqlConnection->insert('insert into `ta...', Array, 'id')
#3 G:/Cytonn task/task-api/vendor/laravel/framework/src/Illuminate/Database/Query/Builder.php(3549): Illuminate/Database/Query/Processors/MySqlProcessor->processInsertGetId(Object(Illuminate/Database/Query/Builder), 'insert into `ta...', Array, 'id')
#4 G:/Cytonn task/task-api/vendor/laravel/framework/src/Illuminate/Database/Eloquent/Builder.php(1982): Illuminate/Database/Query/Builder->insertGetId(Array, 'id')
#5 G:/Cytonn task/task-api/vendor/laravel/framework/src/Illuminate/Database/Eloquent/Model.php(1334): Illuminate/Database/Eloquent/Builder->__call('insertGetId', Array)
#6 G:/Cytonn task/task-api/vendor/laravel/framework/src/Illuminate/Database/Eloquent/Model.php(1299): Illuminate/Database/Eloquent/Model->insertAndSetId(Object(Illuminate/Database/Eloquent/Builder), Array)
#7 G:/Cytonn task/task-api/vendor/laravel/framework/src/Illuminate/Database/Eloquent/Model.php(1138): Illuminate/Database/Eloquent/Model->performInsert(Object(Illuminate/Database/Eloquent/Builder))
#8 G:/Cytonn task/task-api/vendor/laravel/framework/src/Illuminate/Database/Eloquent/Builder.php(1025): Illuminate/Database/Eloquent/Model->save()
#9 G:/Cytonn task/task-api/vendor/laravel/framework/src/Illuminate/Support/helpers.php(320): Illuminate/Database/Eloquent/Builder->Illuminate/Database/Eloquent/{closure}(Object(App/Models/Task))
#10 G:/Cytonn task/task-api/vendor/laravel/framework/src/Illuminate/Database/Eloquent/Builder.php(1024): tap(Object(App/Models/Task), Object(Closure))
#11 G:/Cytonn task/task-api/vendor/laravel/framework/src/Illuminate/Support/Traits/ForwardsCalls.php(23): Illuminate/Database/Eloquent/Builder->create(Array)
#12 G:/Cytonn task/task-api/vendor/laravel/framework/src/Illuminate/Database/Eloquent/Model.php(2335): Illuminate/Database/Eloquent/Model->forwardCallTo(Object(Illuminate/Database/Eloquent/Builder), 'create', Array)
#13 G:/Cytonn task/task-api/vendor/laravel/framework/src/Illuminate/Database/Eloquent/Model.php(2347): Illuminate/Database/Eloquent/Model->__call('create', Array)
#14 G:/Cytonn task/task-api/database/seeders/DatabaseSeeder.php(82): Illuminate/Database/Eloquent/Model::__callStatic('create', Array)
#15 G:/Cytonn task/task-api/vendor/laravel/framework/src/Illuminate/Container/BoundMethod.php(36): Database/Seeders/DatabaseSeeder->run()
#16 G:/Cytonn task/task-api/vendor/laravel/framework/src/Illuminate/Container/Util.php(41): Illuminate/Container/BoundMethod::Illuminate/Container/{closure}()
#17 G:/Cytonn task/task-api/vendor/laravel/framework/src/Illuminate/Container/BoundMethod.php(93): Illuminate/Container/Util::unwrapIfClosure(Object(Closure))
#18 G:/Cytonn task/task-api/vendor/laravel/framework/src/Illuminate/Container/BoundMethod.php(35): Illuminate/Container/BoundMethod::callBoundMethod(Object(Illuminate/Foundation/Application), Array, Object(Closure))
#19 G:/Cytonn task/task-api/vendor/laravel/framework/src/Illuminate/Container/Container.php(662): Illuminate/Container/BoundMethod::call(Object(Illuminate/Foundation/Application), Array, Array, NULL)
#20 G:/Cytonn task/task-api/vendor/laravel/framework/src/Illuminate/Database/Seeder.php(184): Illuminate/Container/Container->call(Array, Array)
#21 G:/Cytonn task/task-api/vendor/laravel/framework/src/Illuminate/Database/Seeder.php(193): Illuminate/Database/Seeder->Illuminate/Database/{closure}()
#22 G:/Cytonn task/task-api/vendor/laravel/framework/src/Illuminate/Database/Console/Seeds/SeedCommand.php(70): Illuminate/Database/Seeder->__invoke()
#23 G:/Cytonn task/task-api/vendor/laravel/framework/src/Illuminate/Database/Eloquent/Concerns/GuardsAttributes.php(155): Illuminate/Database/Console/Seeds/SeedCommand->Illuminate/Database/Console/Seeds/{closure}()
#24 G:/Cytonn task/task-api/vendor/laravel/framework/src/Illuminate/Database/Console/Seeds/SeedCommand.php(69): Illuminate/Database/Eloquent/Model::unguarded(Object(Closure))
#25 G:/Cytonn task/task-api/vendor/laravel/framework/src/Illuminate/Container/BoundMethod.php(36): Illuminate/Database/Console/Seeds/SeedCommand->handle()
#26 G:/Cytonn task/task-api/vendor/laravel/framework/src/Illuminate/Container/Util.php(41): Illuminate/Container/BoundMethod::Illuminate/Container/{closure}()
#27 G:/Cytonn task/task-api/vendor/laravel/framework/src/Illuminate/Container/BoundMethod.php(93): Illuminate/Container/Util::unwrapIfClosure(Object(Closure))
#28 G:/Cytonn task/task-api/vendor/laravel/framework/src/Illuminate/Container/BoundMethod.php(35): Illuminate/Container/BoundMethod::callBoundMethod(Object(Illuminate/Foundation/Application), Array, Object(Closure))
#29 G:/Cytonn task/task-api/vendor/laravel/framework/src/Illuminate/Container/Container.php(662): Illuminate/Container/BoundMethod::call(Object(Illuminate/Foundation/Application), Array, Array, NULL)
#30 G:/Cytonn task/task-api/vendor/laravel/framework/src/Illuminate/Console/Command.php(211): Illuminate/Container/Container->call(Array)
#31 G:/Cytonn task/task-api/vendor/symfony/console/Command/Command.php(326): Illuminate/Console/Command->execute(Object(Symfony/Component/Console/Input/ArrayInput), Object(Illuminate/Console/OutputStyle))
#32 G:/Cytonn task/task-api/vendor/laravel/framework/src/Illuminate/Console/Command.php(180): Symfony/Component/Console/Command/Command->run(Object(Symfony/Component/Console/Input/ArrayInput), Object(Illuminate/Console/OutputStyle))
#33 G:/Cytonn task/task-api/vendor/laravel/framework/src/Illuminate/Console/Concerns/CallsCommands.php(67): Illuminate/Console/Command->run(Object(Symfony/Component/Console/Input/ArrayInput), Object(Illuminate/Console/OutputStyle))
#34 G:/Cytonn task/task-api/vendor/laravel/framework/src/Illuminate/Console/Concerns/CallsCommands.php(28): Illuminate/Console/Command->runCommand('db:seed', Array, Object(Illuminate/Console/OutputStyle))
#35 G:/Cytonn task/task-api/vendor/laravel/framework/src/Illuminate/Database/Console/Migrations/FreshCommand.php(93): Illuminate/Console/Command->call('db:seed', Array)
#36 G:/Cytonn task/task-api/vendor/laravel/framework/src/Illuminate/Database/Console/Migrations/FreshCommand.php(69): Illuminate/Database/Console/Migrations/FreshCommand->runSeeder(NULL)
#37 G:/Cytonn task/task-api/vendor/laravel/framework/src/Illuminate/Container/BoundMethod.php(36): Illuminate/Database/Console/Migrations/FreshCommand->handle()
#38 G:/Cytonn task/task-api/vendor/laravel/framework/src/Illuminate/Container/Util.php(41): Illuminate/Container/BoundMethod::Illuminate/Container/{closure}()
#39 G:/Cytonn task/task-api/vendor/laravel/framework/src/Illuminate/Container/BoundMethod.php(93): Illuminate/Container/Util::unwrapIfClosure(Object(Closure))
#40 G:/Cytonn task/task-api/vendor/laravel/framework/src/Illuminate/Container/BoundMethod.php(35): Illuminate/Container/BoundMethod::callBoundMethod(Object(Illuminate/Foundation/Application), Array, Object(Closure))
#41 G:/Cytonn task/task-api/vendor/laravel/framework/src/Illuminate/Container/Container.php(662): Illuminate/Container/BoundMethod::call(Object(Illuminate/Foundation/Application), Array, Array, NULL)
#42 G:/Cytonn task/task-api/vendor/laravel/framework/src/Illuminate/Console/Command.php(211): Illuminate/Container/Container->call(Array)
#43 G:/Cytonn task/task-api/vendor/symfony/console/Command/Command.php(326): Illuminate/Console/Command->execute(Object(Symfony/Component/Console/Input/ArgvInput), Object(Illuminate/Console/OutputStyle))
#44 G:/Cytonn task/task-api/vendor/laravel/framework/src/Illuminate/Console/Command.php(180): Symfony/Component/Console/Command/Command->run(Object(Symfony/Component/Console/Input/ArgvInput), Object(Illuminate/Console/OutputStyle))
#45 G:/Cytonn task/task-api/vendor/symfony/console/Application.php(1121): Illuminate/Console/Command->run(Object(Symfony/Component/Console/Input/ArgvInput), Object(Symfony/Component/Console/Output/ConsoleOutput))
#46 G:/Cytonn task/task-api/vendor/symfony/console/Application.php(324): Symfony/Component/Console/Application->doRunCommand(Object(Illuminate/Database/Console/Migrations/FreshCommand), Object(Symfony/Component/Console/Input/ArgvInput), Object(Symfony/Component/Console/Output/ConsoleOutput))
#47 G:/Cytonn task/task-api/vendor/symfony/console/Application.php(175): Symfony/Component/Console/Application->doRun(Object(Symfony/Component/Console/Input/ArgvInput), Object(Symfony/Component/Console/Output/ConsoleOutput))
#48 G:/Cytonn task/task-api/vendor/laravel/framework/src/Illuminate/Foundation/Console/Kernel.php(201): Symfony/Component/Console/Application->run(Object(Symfony/Component/Console/Input/ArgvInput), Object(Symfony/Component/Console/Output/ConsoleOutput))
#49 G:/Cytonn task/task-api/artisan(24): Illuminate/Foundation/Console/Kernel->handle(Object(Symfony/Component/Console/Input/ArgvInput), Object(Symfony/Component/Console/Output/ConsoleOutput))
#50 {main}

[previous exception] [object] (PDOException(code: 42S02): SQLSTATE[42S02]: Base table or view not found: 1146 Table 'task_api.tasks' doesn't exist at G:/Cytonn task/task-api/vendor/laravel/framework/src/Illuminate/Database/MySqlConnection.php:39)
[stacktrace]
#0 G:/Cytonn task/task-api/vendor/laravel/framework/src/Illuminate/Database/MySqlConnection.php(39): PDO->prepare('insert into `ta...')
#1 G:/Cytonn task/task-api/vendor/laravel/framework/src/Illuminate/Database/Connection.php(816): Illuminate/Database/MySqlConnection->Illuminate/Database/{closure}('insert into `ta...', Array)
#2 G:/Cytonn task/task-api/vendor/laravel/framework/src/Illuminate/Database/Connection.php(783): Illuminate/Database/Connection->runQueryCallback('insert into `ta...', Array, Object(Closure))
#3 G:/Cytonn task/task-api/vendor/laravel/framework/src/Illuminate/Database/MySqlConnection.php(34): Illuminate/Database/Connection->run('insert into `ta...', Array, Object(Closure))
#4 G:/Cytonn task/task-api/vendor/laravel/framework/src/Illuminate/Database/Query/Processors/MySqlProcessor.php(35): Illuminate/Database/MySqlConnection->insert('insert into `ta...', Array, 'id')
#5 G:/Cytonn task/task-api/vendor/laravel/framework/src/Illuminate/Database/Query/Builder.php(3549): Illuminate/Database/Query/Processors/MySqlProcessor->processInsertGetId(Object(Illuminate/Database/Query/Builder), 'insert into `ta...', Array, 'id')
#6 G:/Cytonn task/task-api/vendor/laravel/framework/src/Illuminate/Database/Eloquent/Builder.php(1982): Illuminate/Database/Query/Builder->insertGetId(Array, 'id')
#7 G:/Cytonn task/task-api/vendor/laravel/framework/src/Illuminate/Database/Eloquent/Model.php(1334): Illuminate/Database/Eloquent/Builder->__call('insertGetId', Array)
#8 G:/Cytonn task/task-api/vendor/laravel/framework/src/Illuminate/Database/Eloquent/Model.php(1299): Illuminate/Database/Eloquent/Model->insertAndSetId(Object(Illuminate/Database/Eloquent/Builder), Array)
#9 G:/Cytonn task/task-api/vendor/laravel/framework/src/Illuminate/Database/Eloquent/Model.php(1138): Illuminate/Database/Eloquent/Model->performInsert(Object(Illuminate/Database/Eloquent/Builder))
#10 G:/Cytonn task/task-api/vendor/laravel/framework/src/Illuminate/Database/Eloquent/Builder.php(1025): Illuminate/Database/Eloquent/Model->save()
#11 G:/Cytonn task/task-api/vendor/laravel/framework/src/Illuminate/Support/helpers.php(320): Illuminate/Database/Eloquent/Builder->Illuminate/Database/Eloquent/{closure}(Object(App/Models/Task))
#12 G:/Cytonn task/task-api/vendor/laravel/framework/src/Illuminate/Database/Eloquent/Builder.php(1024): tap(Object(App/Models/Task), Object(Closure))
#13 G:/Cytonn task/task-api/vendor/laravel/framework/src/Illuminate/Support/Traits/ForwardsCalls.php(23): Illuminate/Database/Eloquent/Builder->create(Array)
#14 G:/Cytonn task/task-api/vendor/laravel/framework/src/Illuminate/Database/Eloquent/Model.php(2335): Illuminate/Database/Eloquent/Model->forwardCallTo(Object(Illuminate/Database/Eloquent/Builder), 'create', Array)
#15 G:/Cytonn task/task-api/vendor/laravel/framework/src/Illuminate/Database/Eloquent/Model.php(2347): Illuminate/Database/Eloquent/Model->__call('create', Array)
#16 G:/Cytonn task/task-api/database/seeders/DatabaseSeeder.php(82): Illuminate/Database/Eloquent/Model::__callStatic('create', Array)
#17 G:/Cytonn task/task-api/vendor/laravel/framework/src/Illuminate/Container/BoundMethod.php(36): Database/Seeders/DatabaseSeeder->run()
#18 G:/Cytonn task/task-api/vendor/laravel/framework/src/Illuminate/Container/Util.php(41): Illuminate/Container/BoundMethod::Illuminate/Container/{closure}()
#19 G:/Cytonn task/task-api/vendor/laravel/framework/src/Illuminate/Container/BoundMethod.php(93): Illuminate/Container/Util::unwrapIfClosure(Object(Closure))
#20 G:/Cytonn task/task-api/vendor/laravel/framework/src/Illuminate/Container/BoundMethod.php(35): Illuminate/Container/BoundMethod::callBoundMethod(Object(Illuminate/Foundation/Application), Array, Object(Closure))
#21 G:/Cytonn task/task-api/vendor/laravel/framework/src/Illuminate/Container/Container.php(662): Illuminate/Container/BoundMethod::call(Object(Illuminate/Foundation/Application), Array, Array, NULL)
#22 G:/Cytonn task/task-api/vendor/laravel/framework/src/Illuminate/Database/Seeder.php(184): Illuminate/Container/Container->call(Array, Array)
#23 G:/Cytonn task/task-api/vendor/laravel/framework/src/Illuminate/Database/Seeder.php(193): Illuminate/Database/Seeder->Illuminate/Database/{closure}()
#24 G:/Cytonn task/task-api/vendor/laravel/framework/src/Illuminate/Database/Console/Seeds/SeedCommand.php(70): Illuminate/Database/Seeder->__invoke()
#25 G:/Cytonn task/task-api/vendor/laravel/framework/src/Illuminate/Database/Eloquent/Concerns/GuardsAttributes.php(155): Illuminate/Database/Console/Seeds/SeedCommand->Illuminate/Database/Console/Seeds/{closure}()
#26 G:/Cytonn task/task-api/vendor/laravel/framework/src/Illuminate/Database/Console/Seeds/SeedCommand.php(69): Illuminate/Database/Eloquent/Model::unguarded(Object(Closure))
#27 G:/Cytonn task/task-api/vendor/laravel/framework/src/Illuminate/Container/BoundMethod.php(36): Illuminate/Database/Console/Seeds/SeedCommand->handle()
#28 G:/Cytonn task/task-api/vendor/laravel/framework/src/Illuminate/Container/Util.php(41): Illuminate/Container/BoundMethod::Illuminate/Container/{closure}()
#29 G:/Cytonn task/task-api/vendor/laravel/framework/src/Illuminate/Container/BoundMethod.php(93): Illuminate/Container/Util::unwrapIfClosure(Object(Closure))
#30 G:/Cytonn task/task-api/vendor/laravel/framework/src/Illuminate/Container/BoundMethod.php(35): Illuminate/Container/BoundMethod::callBoundMethod(Object(Illuminate/Foundation/Application), Array, Object(Closure))
#31 G:/Cytonn task/task-api/vendor/laravel/framework/src/Illuminate/Container/Container.php(662): Illuminate/Container/BoundMethod::call(Object(Illuminate/Foundation/Application), Array, Array, NULL)
#32 G:/Cytonn task/task-api/vendor/laravel/framework/src/Illuminate/Console/Command.php(211): Illuminate/Container/Container->call(Array)
#33 G:/Cytonn task/task-api/vendor/symfony/console/Command/Command.php(326): Illuminate/Console/Command->execute(Object(Symfony/Component/Console/Input/ArrayInput), Object(Illuminate/Console/OutputStyle))
#34 G:/Cytonn task/task-api/vendor/laravel/framework/src/Illuminate/Console/Command.php(180): Symfony/Component/Console/Command/Command->run(Object(Symfony/Component/Console/Input/ArrayInput), Object(Illuminate/Console/OutputStyle))
#35 G:/Cytonn task/task-api/vendor/laravel/framework/src/Illuminate/Console/Concerns/CallsCommands.php(67): Illuminate/Console/Command->run(Object(Symfony/Component/Console/Input/ArrayInput), Object(Illuminate/Console/OutputStyle))
#36 G:/Cytonn task/task-api/vendor/laravel/framework/src/Illuminate/Console/Concerns/CallsCommands.php(28): Illuminate/Console/Command->runCommand('db:seed', Array, Object(Illuminate/Console/OutputStyle))
#37 G:/Cytonn task/task-api/vendor/laravel/framework/src/Illuminate/Database/Console/Migrations/FreshCommand.php(93): Illuminate/Console/Command->call('db:seed', Array)
#38 G:/Cytonn task/task-api/vendor/laravel/framework/src/Illuminate/Database/Console/Migrations/FreshCommand.php(69): Illuminate/Database/Console/Migrations/FreshCommand->runSeeder(NULL)
#39 G:/Cytonn task/task-api/vendor/laravel/framework/src/Illuminate/Container/BoundMethod.php(36): Illuminate/Database/Console/Migrations/FreshCommand->handle()
#40 G:/Cytonn task/task-api/vendor/laravel/framework/src/Illuminate/Container/Util.php(41): Illuminate/Container/BoundMethod::Illuminate/Container/{closure}()
#41 G:/Cytonn task/task-api/vendor/laravel/framework/src/Illuminate/Container/BoundMethod.php(93): Illuminate/Container/Util::unwrapIfClosure(Object(Closure))
#42 G:/Cytonn task/task-api/vendor/laravel/framework/src/Illuminate/Container/BoundMethod.php(35): Illuminate/Container/BoundMethod::callBoundMethod(Object(Illuminate/Foundation/Application), Array, Object(Closure))
#43 G:/Cytonn task/task-api/vendor/laravel/framework/src/Illuminate/Container/Container.php(662): Illuminate/Container/BoundMethod::call(Object(Illuminate/Foundation/Application), Array, Array, NULL)
#44 G:/Cytonn task/task-api/vendor/laravel/framework/src/Illuminate/Console/Command.php(211): Illuminate/Container/Container->call(Array)
#45 G:/Cytonn task/task-api/vendor/symfony/console/Command/Command.php(326): Illuminate/Console/Command->execute(Object(Symfony/Component/Console/Input/ArgvInput), Object(Illuminate/Console/OutputStyle))
#46 G:/Cytonn task/task-api/vendor/laravel/framework/src/Illuminate/Console/Command.php(180): Symfony/Component/Console/Command/Command->run(Object(Symfony/Component/Console/Input/ArgvInput), Object(Illuminate/Console/OutputStyle))
#47 G:/Cytonn task/task-api/vendor/symfony/console/Application.php(1121): Illuminate/Console/Command->run(Object(Symfony/Component/Console/Input/ArgvInput), Object(Symfony/Component/Console/Output/ConsoleOutput))
#48 G:/Cytonn task/task-api/vendor/symfony/console/Application.php(324): Symfony/Component/Console/Application->doRunCommand(Object(Illuminate/Database/Console/Migrations/FreshCommand), Object(Symfony/Component/Console/Input/ArgvInput), Object(Symfony/Component/Console/Output/ConsoleOutput))
#49 G:/Cytonn task/task-api/vendor/symfony/console/Application.php(175): Symfony/Component/Console/Application->doRun(Object(Symfony/Component/Console/Input/ArgvInput), Object(Symfony/Component/Console/Output/ConsoleOutput))
#50 G:/Cytonn task/task-api/vendor/laravel/framework/src/Illuminate/Foundation/Console/Kernel.php(201): Symfony/Component/Console/Application->run(Object(Symfony/Component/Console/Input/ArgvInput), Object(Symfony/Component/Console/Output/ConsoleOutput))
#51 G:/Cytonn task/task-api/artisan(24): Illuminate/Foundation/Console/Kernel->handle(Object(Symfony/Component/Console/Input/ArgvInput), Object(Symfony/Component/Console/Output/ConsoleOutput))
#52 {main}
"} 
[2026-03-30 10:45:51] production.ERROR: SQLSTATE[01000]: Warning: 1265 Data truncated for column 'status' at row 1 (Connection: mysql, SQL: insert into `tasks` (`title`, `due_date`, `priority`, `status`, `updated_at`, `created_at`) values (Update npm packages, 2026-04-09 00:00:00, low, done, 2026-03-30 10:45:51, 2026-03-30 10:45:51)) {"exception":"[object] (Illuminate\\Database\\QueryException(code: 01000): SQLSTATE[01000]: Warning: 1265 Data truncated for column 'status' at row 1 (Connection: mysql, SQL: insert into `tasks` (`title`, `due_date`, `priority`, `status`, `updated_at`, `created_at`) values (Update npm packages, 2026-04-09 00:00:00, low, done, 2026-03-30 10:45:51, 2026-03-30 10:45:51)) at G:/Cytonn task/task-api/vendor/laravel/framework/src/Illuminate/Database/Connection.php:829)
[stacktrace]
#0 G:/Cytonn task/task-api/vendor/laravel/framework/src/Illuminate/Database/Connection.php(783): Illuminate/Database/Connection->runQueryCallback('insert into `ta...', Array, Object(Closure))
#1 G:/Cytonn task/task-api/vendor/laravel/framework/src/Illuminate/Database/MySqlConnection.php(34): Illuminate/Database/Connection->run('insert into `ta...', Array, Object(Closure))
#2 G:/Cytonn task/task-api/vendor/laravel/framework/src/Illuminate/Database/Query/Processors/MySqlProcessor.php(35): Illuminate/Database/MySqlConnection->insert('insert into `ta...', Array, 'id')
#3 G:/Cytonn task/task-api/vendor/laravel/framework/src/Illuminate/Database/Query/Builder.php(3549): Illuminate/Database/Query/Processors/MySqlProcessor->processInsertGetId(Object(Illuminate/Database/Query/Builder), 'insert into `ta...', Array, 'id')
#4 G:/Cytonn task/task-api/vendor/laravel/framework/src/Illuminate/Database/Eloquent/Builder.php(1982): Illuminate/Database/Query/Builder->insertGetId(Array, 'id')
#5 G:/Cytonn task/task-api/vendor/laravel/framework/src/Illuminate/Database/Eloquent/Model.php(1334): Illuminate/Database/Eloquent/Builder->__call('insertGetId', Array)
#6 G:/Cytonn task/task-api/vendor/laravel/framework/src/Illuminate/Database/Eloquent/Model.php(1299): Illuminate/Database/Eloquent/Model->insertAndSetId(Object(Illuminate/Database/Eloquent/Builder), Array)
#7 G:/Cytonn task/task-api/vendor/laravel/framework/src/Illuminate/Database/Eloquent/Model.php(1138): Illuminate/Database/Eloquent/Model->performInsert(Object(Illuminate/Database/Eloquent/Builder))
#8 G:/Cytonn task/task-api/vendor/laravel/framework/src/Illuminate/Database/Eloquent/Builder.php(1025): Illuminate/Database/Eloquent/Model->save()
#9 G:/Cytonn task/task-api/vendor/laravel/framework/src/Illuminate/Support/helpers.php(320): Illuminate/Database/Eloquent/Builder->Illuminate/Database/Eloquent/{closure}(Object(App/Models/Task))
#10 G:/Cytonn task/task-api/vendor/laravel/framework/src/Illuminate/Database/Eloquent/Builder.php(1024): tap(Object(App/Models/Task), Object(Closure))
#11 G:/Cytonn task/task-api/vendor/laravel/framework/src/Illuminate/Support/Traits/ForwardsCalls.php(23): Illuminate/Database/Eloquent/Builder->create(Array)
#12 G:/Cytonn task/task-api/vendor/laravel/framework/src/Illuminate/Database/Eloquent/Model.php(2335): Illuminate/Database/Eloquent/Model->forwardCallTo(Object(Illuminate/Database/Eloquent/Builder), 'create', Array)
#13 G:/Cytonn task/task-api/vendor/laravel/framework/src/Illuminate/Database/Eloquent/Model.php(2347): Illuminate/Database/Eloquent/Model->__call('create', Array)
#14 G:/Cytonn task/task-api/database/seeders/DatabaseSeeder.php(82): Illuminate/Database/Eloquent/Model::__callStatic('create', Array)
#15 G:/Cytonn task/task-api/vendor/laravel/framework/src/Illuminate/Container/BoundMethod.php(36): Database/Seeders/DatabaseSeeder->run()
#16 G:/Cytonn task/task-api/vendor/laravel/framework/src/Illuminate/Container/Util.php(41): Illuminate/Container/BoundMethod::Illuminate/Container/{closure}()
#17 G:/Cytonn task/task-api/vendor/laravel/framework/src/Illuminate/Container/BoundMethod.php(93): Illuminate/Container/Util::unwrapIfClosure(Object(Closure))
#18 G:/Cytonn task/task-api/vendor/laravel/framework/src/Illuminate/Container/BoundMethod.php(35): Illuminate/Container/BoundMethod::callBoundMethod(Object(Illuminate/Foundation/Application), Array, Object(Closure))
#19 G:/Cytonn task/task-api/vendor/laravel/framework/src/Illuminate/Container/Container.php(662): Illuminate/Container/BoundMethod::call(Object(Illuminate/Foundation/Application), Array, Array, NULL)
#20 G:/Cytonn task/task-api/vendor/laravel/framework/src/Illuminate/Database/Seeder.php(184): Illuminate/Container/Container->call(Array, Array)
#21 G:/Cytonn task/task-api/vendor/laravel/framework/src/Illuminate/Database/Seeder.php(193): Illuminate/Database/Seeder->Illuminate/Database/{closure}()
#22 G:/Cytonn task/task-api/vendor/laravel/framework/src/Illuminate/Database/Console/Seeds/SeedCommand.php(70): Illuminate/Database/Seeder->__invoke()
#23 G:/Cytonn task/task-api/vendor/laravel/framework/src/Illuminate/Database/Eloquent/Concerns/GuardsAttributes.php(155): Illuminate/Database/Console/Seeds/SeedCommand->Illuminate/Database/Console/Seeds/{closure}()
#24 G:/Cytonn task/task-api/vendor/laravel/framework/src/Illuminate/Database/Console/Seeds/SeedCommand.php(69): Illuminate/Database/Eloquent/Model::unguarded(Object(Closure))
#25 G:/Cytonn task/task-api/vendor/laravel/framework/src/Illuminate/Container/BoundMethod.php(36): Illuminate/Database/Console/Seeds/SeedCommand->handle()
#26 G:/Cytonn task/task-api/vendor/laravel/framework/src/Illuminate/Container/Util.php(41): Illuminate/Container/BoundMethod::Illuminate/Container/{closure}()
#27 G:/Cytonn task/task-api/vendor/laravel/framework/src/Illuminate/Container/BoundMethod.php(93): Illuminate/Container/Util::unwrapIfClosure(Object(Closure))
#28 G:/Cytonn task/task-api/vendor/laravel/framework/src/Illuminate/Container/BoundMethod.php(35): Illuminate/Container/BoundMethod::callBoundMethod(Object(Illuminate/Foundation/Application), Array, Object(Closure))
#29 G:/Cytonn task/task-api/vendor/laravel/framework/src/Illuminate/Container/Container.php(662): Illuminate/Container/BoundMethod::call(Object(Illuminate/Foundation/Application), Array, Array, NULL)
#30 G:/Cytonn task/task-api/vendor/laravel/framework/src/Illuminate/Console/Command.php(211): Illuminate/Container/Container->call(Array)
#31 G:/Cytonn task/task-api/vendor/symfony/console/Command/Command.php(326): Illuminate/Console/Command->execute(Object(Symfony/Component/Console/Input/ArrayInput), Object(Illuminate/Console/OutputStyle))
#32 G:/Cytonn task/task-api/vendor/laravel/framework/src/Illuminate/Console/Command.php(180): Symfony/Component/Console/Command/Command->run(Object(Symfony/Component/Console/Input/ArrayInput), Object(Illuminate/Console/OutputStyle))
#33 G:/Cytonn task/task-api/vendor/laravel/framework/src/Illuminate/Console/Concerns/CallsCommands.php(67): Illuminate/Console/Command->run(Object(Symfony/Component/Console/Input/ArrayInput), Object(Illuminate/Console/OutputStyle))
#34 G:/Cytonn task/task-api/vendor/laravel/framework/src/Illuminate/Console/Concerns/CallsCommands.php(28): Illuminate/Console/Command->runCommand('db:seed', Array, Object(Illuminate/Console/OutputStyle))
#35 G:/Cytonn task/task-api/vendor/laravel/framework/src/Illuminate/Database/Console/Migrations/FreshCommand.php(93): Illuminate/Console/Command->call('db:seed', Array)
#36 G:/Cytonn task/task-api/vendor/laravel/framework/src/Illuminate/Database/Console/Migrations/FreshCommand.php(69): Illuminate/Database/Console/Migrations/FreshCommand->runSeeder(NULL)
#37 G:/Cytonn task/task-api/vendor/laravel/framework/src/Illuminate/Container/BoundMethod.php(36): Illuminate/Database/Console/Migrations/FreshCommand->handle()
#38 G:/Cytonn task/task-api/vendor/laravel/framework/src/Illuminate/Container/Util.php(41): Illuminate/Container/BoundMethod::Illuminate/Container/{closure}()
#39 G:/Cytonn task/task-api/vendor/laravel/framework/src/Illuminate/Container/BoundMethod.php(93): Illuminate/Container/Util::unwrapIfClosure(Object(Closure))
#40 G:/Cytonn task/task-api/vendor/laravel/framework/src/Illuminate/Container/BoundMethod.php(35): Illuminate/Container/BoundMethod::callBoundMethod(Object(Illuminate/Foundation/Application), Array, Object(Closure))
#41 G:/Cytonn task/task-api/vendor/laravel/framework/src/Illuminate/Container/Container.php(662): Illuminate/Container/BoundMethod::call(Object(Illuminate/Foundation/Application), Array, Array, NULL)
#42 G:/Cytonn task/task-api/vendor/laravel/framework/src/Illuminate/Console/Command.php(211): Illuminate/Container/Container->call(Array)
#43 G:/Cytonn task/task-api/vendor/symfony/console/Command/Command.php(326): Illuminate/Console/Command->execute(Object(Symfony/Component/Console/Input/ArgvInput), Object(Illuminate/Console/OutputStyle))
#44 G:/Cytonn task/task-api/vendor/laravel/framework/src/Illuminate/Console/Command.php(180): Symfony/Component/Console/Command/Command->run(Object(Symfony/Component/Console/Input/ArgvInput), Object(Illuminate/Console/OutputStyle))
#45 G:/Cytonn task/task-api/vendor/symfony/console/Application.php(1121): Illuminate/Console/Command->run(Object(Symfony/Component/Console/Input/ArgvInput), Object(Symfony/Component/Console/Output/ConsoleOutput))
#46 G:/Cytonn task/task-api/vendor/symfony/console/Application.php(324): Symfony/Component/Console/Application->doRunCommand(Object(Illuminate/Database/Console/Migrations/FreshCommand), Object(Symfony/Component/Console/Input/ArgvInput), Object(Symfony/Component/Console/Output/ConsoleOutput))
#47 G:/Cytonn task/task-api/vendor/symfony/console/Application.php(175): Symfony/Component/Console/Application->doRun(Object(Symfony/Component/Console/Input/ArgvInput), Object(Symfony/Component/Console/Output/ConsoleOutput))
#48 G:/Cytonn task/task-api/vendor/laravel/framework/src/Illuminate/Foundation/Console/Kernel.php(201): Symfony/Component/Console/Application->run(Object(Symfony/Component/Console/Input/ArgvInput), Object(Symfony/Component/Console/Output/ConsoleOutput))
#49 G:/Cytonn task/task-api/artisan(24): Illuminate/Foundation/Console/Kernel->handle(Object(Symfony/Component/Console/Input/ArgvInput), Object(Symfony/Component/Console/Output/ConsoleOutput))
#50 {main}

[previous exception] [object] (PDOException(code: 01000): SQLSTATE[01000]: Warning: 1265 Data truncated for column 'status' at row 1 at G:/Cytonn task/task-api/vendor/laravel/framework/src/Illuminate/Database/MySqlConnection.php:45)
[stacktrace]
#0 G:/Cytonn task/task-api/vendor/laravel/framework/src/Illuminate/Database/MySqlConnection.php(45): PDOStatement->execute()
#1 G:/Cytonn task/task-api/vendor/laravel/framework/src/Illuminate/Database/Connection.php(816): Illuminate/Database/MySqlConnection->Illuminate/Database/{closure}('insert into `ta...', Array)
#2 G:/Cytonn task/task-api/vendor/laravel/framework/src/Illuminate/Database/Connection.php(783): Illuminate/Database/Connection->runQueryCallback('insert into `ta...', Array, Object(Closure))
#3 G:/Cytonn task/task-api/vendor/laravel/framework/src/Illuminate/Database/MySqlConnection.php(34): Illuminate/Database/Connection->run('insert into `ta...', Array, Object(Closure))
#4 G:/Cytonn task/task-api/vendor/laravel/framework/src/Illuminate/Database/Query/Processors/MySqlProcessor.php(35): Illuminate/Database/MySqlConnection->insert('insert into `ta...', Array, 'id')
#5 G:/Cytonn task/task-api/vendor/laravel/framework/src/Illuminate/Database/Query/Builder.php(3549): Illuminate/Database/Query/Processors/MySqlProcessor->processInsertGetId(Object(Illuminate/Database/Query/Builder), 'insert into `ta...', Array, 'id')
#6 G:/Cytonn task/task-api/vendor/laravel/framework/src/Illuminate/Database/Eloquent/Builder.php(1982): Illuminate/Database/Query/Builder->insertGetId(Array, 'id')
#7 G:/Cytonn task/task-api/vendor/laravel/framework/src/Illuminate/Database/Eloquent/Model.php(1334): Illuminate/Database/Eloquent/Builder->__call('insertGetId', Array)
#8 G:/Cytonn task/task-api/vendor/laravel/framework/src/Illuminate/Database/Eloquent/Model.php(1299): Illuminate/Database/Eloquent/Model->insertAndSetId(Object(Illuminate/Database/Eloquent/Builder), Array)
#9 G:/Cytonn task/task-api/vendor/laravel/framework/src/Illuminate/Database/Eloquent/Model.php(1138): Illuminate/Database/Eloquent/Model->performInsert(Object(Illuminate/Database/Eloquent/Builder))
#10 G:/Cytonn task/task-api/vendor/laravel/framework/src/Illuminate/Database/Eloquent/Builder.php(1025): Illuminate/Database/Eloquent/Model->save()
#11 G:/Cytonn task/task-api/vendor/laravel/framework/src/Illuminate/Support/helpers.php(320): Illuminate/Database/Eloquent/Builder->Illuminate/Database/Eloquent/{closure}(Object(App/Models/Task))
#12 G:/Cytonn task/task-api/vendor/laravel/framework/src/Illuminate/Database/Eloquent/Builder.php(1024): tap(Object(App/Models/Task), Object(Closure))
#13 G:/Cytonn task/task-api/vendor/laravel/framework/src/Illuminate/Support/Traits/ForwardsCalls.php(23): Illuminate/Database/Eloquent/Builder->create(Array)
#14 G:/Cytonn task/task-api/vendor/laravel/framework/src/Illuminate/Database/Eloquent/Model.php(2335): Illuminate/Database/Eloquent/Model->forwardCallTo(Object(Illuminate/Database/Eloquent/Builder), 'create', Array)
#15 G:/Cytonn task/task-api/vendor/laravel/framework/src/Illuminate/Database/Eloquent/Model.php(2347): Illuminate/Database/Eloquent/Model->__call('create', Array)
#16 G:/Cytonn task/task-api/database/seeders/DatabaseSeeder.php(82): Illuminate/Database/Eloquent/Model::__callStatic('create', Array)
#17 G:/Cytonn task/task-api/vendor/laravel/framework/src/Illuminate/Container/BoundMethod.php(36): Database/Seeders/DatabaseSeeder->run()
#18 G:/Cytonn task/task-api/vendor/laravel/framework/src/Illuminate/Container/Util.php(41): Illuminate/Container/BoundMethod::Illuminate/Container/{closure}()
#19 G:/Cytonn task/task-api/vendor/laravel/framework/src/Illuminate/Container/BoundMethod.php(93): Illuminate/Container/Util::unwrapIfClosure(Object(Closure))
#20 G:/Cytonn task/task-api/vendor/laravel/framework/src/Illuminate/Container/BoundMethod.php(35): Illuminate/Container/BoundMethod::callBoundMethod(Object(Illuminate/Foundation/Application), Array, Object(Closure))
#21 G:/Cytonn task/task-api/vendor/laravel/framework/src/Illuminate/Container/Container.php(662): Illuminate/Container/BoundMethod::call(Object(Illuminate/Foundation/Application), Array, Array, NULL)
#22 G:/Cytonn task/task-api/vendor/laravel/framework/src/Illuminate/Database/Seeder.php(184): Illuminate/Container/Container->call(Array, Array)
#23 G:/Cytonn task/task-api/vendor/laravel/framework/src/Illuminate/Database/Seeder.php(193): Illuminate/Database/Seeder->Illuminate/Database/{closure}()
#24 G:/Cytonn task/task-api/vendor/laravel/framework/src/Illuminate/Database/Console/Seeds/SeedCommand.php(70): Illuminate/Database/Seeder->__invoke()
#25 G:/Cytonn task/task-api/vendor/laravel/framework/src/Illuminate/Database/Eloquent/Concerns/GuardsAttributes.php(155): Illuminate/Database/Console/Seeds/SeedCommand->Illuminate/Database/Console/Seeds/{closure}()
#26 G:/Cytonn task/task-api/vendor/laravel/framework/src/Illuminate/Database/Console/Seeds/SeedCommand.php(69): Illuminate/Database/Eloquent/Model::unguarded(Object(Closure))
#27 G:/Cytonn task/task-api/vendor/laravel/framework/src/Illuminate/Container/BoundMethod.php(36): Illuminate/Database/Console/Seeds/SeedCommand->handle()
#28 G:/Cytonn task/task-api/vendor/laravel/framework/src/Illuminate/Container/Util.php(41): Illuminate/Container/BoundMethod::Illuminate/Container/{closure}()
#29 G:/Cytonn task/task-api/vendor/laravel/framework/src/Illuminate/Container/BoundMethod.php(93): Illuminate/Container/Util::unwrapIfClosure(Object(Closure))
#30 G:/Cytonn task/task-api/vendor/laravel/framework/src/Illuminate/Container/BoundMethod.php(35): Illuminate/Container/BoundMethod::callBoundMethod(Object(Illuminate/Foundation/Application), Array, Object(Closure))
#31 G:/Cytonn task/task-api/vendor/laravel/framework/src/Illuminate/Container/Container.php(662): Illuminate/Container/BoundMethod::call(Object(Illuminate/Foundation/Application), Array, Array, NULL)
#32 G:/Cytonn task/task-api/vendor/laravel/framework/src/Illuminate/Console/Command.php(211): Illuminate/Container/Container->call(Array)
#33 G:/Cytonn task/task-api/vendor/symfony/console/Command/Command.php(326): Illuminate/Console/Command->execute(Object(Symfony/Component/Console/Input/ArrayInput), Object(Illuminate/Console/OutputStyle))
#34 G:/Cytonn task/task-api/vendor/laravel/framework/src/Illuminate/Console/Command.php(180): Symfony/Component/Console/Command/Command->run(Object(Symfony/Component/Console/Input/ArrayInput), Object(Illuminate/Console/OutputStyle))
#35 G:/Cytonn task/task-api/vendor/laravel/framework/src/Illuminate/Console/Concerns/CallsCommands.php(67): Illuminate/Console/Command->run(Object(Symfony/Component/Console/Input/ArrayInput), Object(Illuminate/Console/OutputStyle))
#36 G:/Cytonn task/task-api/vendor/laravel/framework/src/Illuminate/Console/Concerns/CallsCommands.php(28): Illuminate/Console/Command->runCommand('db:seed', Array, Object(Illuminate/Console/OutputStyle))
#37 G:/Cytonn task/task-api/vendor/laravel/framework/src/Illuminate/Database/Console/Migrations/FreshCommand.php(93): Illuminate/Console/Command->call('db:seed', Array)
#38 G:/Cytonn task/task-api/vendor/laravel/framework/src/Illuminate/Database/Console/Migrations/FreshCommand.php(69): Illuminate/Database/Console/Migrations/FreshCommand->runSeeder(NULL)
#39 G:/Cytonn task/task-api/vendor/laravel/framework/src/Illuminate/Container/BoundMethod.php(36): Illuminate/Database/Console/Migrations/FreshCommand->handle()
#40 G:/Cytonn task/task-api/vendor/laravel/framework/src/Illuminate/Container/Util.php(41): Illuminate/Container/BoundMethod::Illuminate/Container/{closure}()
#41 G:/Cytonn task/task-api/vendor/laravel/framework/src/Illuminate/Container/BoundMethod.php(93): Illuminate/Container/Util::unwrapIfClosure(Object(Closure))
#42 G:/Cytonn task/task-api/vendor/laravel/framework/src/Illuminate/Container/BoundMethod.php(35): Illuminate/Container/BoundMethod::callBoundMethod(Object(Illuminate/Foundation/Application), Array, Object(Closure))
#43 G:/Cytonn task/task-api/vendor/laravel/framework/src/Illuminate/Container/Container.php(662): Illuminate/Container/BoundMethod::call(Object(Illuminate/Foundation/Application), Array, Array, NULL)
#44 G:/Cytonn task/task-api/vendor/laravel/framework/src/Illuminate/Console/Command.php(211): Illuminate/Container/Container->call(Array)
#45 G:/Cytonn task/task-api/vendor/symfony/console/Command/Command.php(326): Illuminate/Console/Command->execute(Object(Symfony/Component/Console/Input/ArgvInput), Object(Illuminate/Console/OutputStyle))
#46 G:/Cytonn task/task-api/vendor/laravel/framework/src/Illuminate/Console/Command.php(180): Symfony/Component/Console/Command/Command->run(Object(Symfony/Component/Console/Input/ArgvInput), Object(Illuminate/Console/OutputStyle))
#47 G:/Cytonn task/task-api/vendor/symfony/console/Application.php(1121): Illuminate/Console/Command->run(Object(Symfony/Component/Console/Input/ArgvInput), Object(Symfony/Component/Console/Output/ConsoleOutput))
#48 G:/Cytonn task/task-api/vendor/symfony/console/Application.php(324): Symfony/Component/Console/Application->doRunCommand(Object(Illuminate/Database/Console/Migrations/FreshCommand), Object(Symfony/Component/Console/Input/ArgvInput), Object(Symfony/Component/Console/Output/ConsoleOutput))
#49 G:/Cytonn task/task-api/vendor/symfony/console/Application.php(175): Symfony/Component/Console/Application->doRun(Object(Symfony/Component/Console/Input/ArgvInput), Object(Symfony/Component/Console/Output/ConsoleOutput))
#50 G:/Cytonn task/task-api/vendor/laravel/framework/src/Illuminate/Foundation/Console/Kernel.php(201): Symfony/Component/Console/Application->run(Object(Symfony/Component/Console/Input/ArgvInput), Object(Symfony/Component/Console/Output/ConsoleOutput))
#51 G:/Cytonn task/task-api/artisan(24): Illuminate/Foundation/Console/Kernel->handle(Object(Symfony/Component/Console/Input/ArgvInput), Object(Symfony/Component/Console/Output/ConsoleOutput))
#52 {main}
"} 
[2026-03-30 10:47:04] production.ERROR: No application encryption key has been specified. {"exception":"[object] (Illuminate\\Encryption\\MissingAppKeyException(code: 0): No application encryption key has been specified. at G:/Cytonn task/task-api/vendor/laravel/framework/src/Illuminate/Encryption/EncryptionServiceProvider.php:79)
[stacktrace]
#0 G:/Cytonn task/task-api/vendor/laravel/framework/src/Illuminate/Support/helpers.php(320): Illuminate/Encryption/EncryptionServiceProvider->Illuminate/Encryption/{closure}(NULL)
#1 G:/Cytonn task/task-api/vendor/laravel/framework/src/Illuminate/Encryption/EncryptionServiceProvider.php(77): tap(NULL, Object(Closure))
#2 G:/Cytonn task/task-api/vendor/laravel/framework/src/Illuminate/Encryption/EncryptionServiceProvider.php(60): Illuminate/Encryption/EncryptionServiceProvider->key(Array)
#3 G:/Cytonn task/task-api/vendor/laravel/framework/src/Illuminate/Encryption/EncryptionServiceProvider.php(32): Illuminate/Encryption/EncryptionServiceProvider->parseKey(Array)
#4 G:/Cytonn task/task-api/vendor/laravel/framework/src/Illuminate/Container/Container.php(908): Illuminate/Encryption/EncryptionServiceProvider->Illuminate/Encryption/{closure}(Object(Illuminate/Foundation/Application), Array)
#5 G:/Cytonn task/task-api/vendor/laravel/framework/src/Illuminate/Container/Container.php(795): Illuminate/Container/Container->build(Object(Closure))
#6 G:/Cytonn task/task-api/vendor/laravel/framework/src/Illuminate/Foundation/Application.php(986): Illuminate/Container/Container->resolve('encrypter', Array, true)
#7 G:/Cytonn task/task-api/vendor/laravel/framework/src/Illuminate/Container/Container.php(731): Illuminate/Foundation/Application->resolve('encrypter', Array)
#8 G:/Cytonn task/task-api/vendor/laravel/framework/src/Illuminate/Foundation/Application.php(971): Illuminate/Container/Container->make('encrypter', Array)
#9 G:/Cytonn task/task-api/vendor/laravel/framework/src/Illuminate/Container/Container.php(1066): Illuminate/Foundation/Application->make('encrypter')
#10 G:/Cytonn task/task-api/vendor/laravel/framework/src/Illuminate/Container/Container.php(982): Illuminate/Container/Container->resolveClass(Object(ReflectionParameter))
#11 G:/Cytonn task/task-api/vendor/laravel/framework/src/Illuminate/Container/Container.php(943): Illuminate/Container/Container->resolveDependencies(Array)
#12 G:/Cytonn task/task-api/vendor/laravel/framework/src/Illuminate/Container/Container.php(795): Illuminate/Container/Container->build('App//Http//Middle...')
#13 G:/Cytonn task/task-api/vendor/laravel/framework/src/Illuminate/Foundation/Application.php(986): Illuminate/Container/Container->resolve('App//Http//Middle...', Array, true)
#14 G:/Cytonn task/task-api/vendor/laravel/framework/src/Illuminate/Container/Container.php(731): Illuminate/Foundation/Application->resolve('App//Http//Middle...', Array)
#15 G:/Cytonn task/task-api/vendor/laravel/framework/src/Illuminate/Foundation/Application.php(971): Illuminate/Container/Container->make('App//Http//Middle...', Array)
#16 G:/Cytonn task/task-api/vendor/laravel/framework/src/Illuminate/Pipeline/Pipeline.php(172): Illuminate/Foundation/Application->make('App//Http//Middle...')
#17 G:/Cytonn task/task-api/vendor/laravel/framework/src/Illuminate/Pipeline/Pipeline.php(119): Illuminate/Pipeline/Pipeline->Illuminate/Pipeline/{closure}(Object(Illuminate/Http/Request))
#18 G:/Cytonn task/task-api/vendor/laravel/framework/src/Illuminate/Routing/Router.php(805): Illuminate/Pipeline/Pipeline->then(Object(Closure))
#19 G:/Cytonn task/task-api/vendor/laravel/framework/src/Illuminate/Routing/Router.php(784): Illuminate/Routing/Router->runRouteWithinStack(Object(Illuminate/Routing/Route), Object(Illuminate/Http/Request))
#20 G:/Cytonn task/task-api/vendor/laravel/framework/src/Illuminate/Routing/Router.php(748): Illuminate/Routing/Router->runRoute(Object(Illuminate/Http/Request), Object(Illuminate/Routing/Route))
#21 G:/Cytonn task/task-api/vendor/laravel/framework/src/Illuminate/Routing/Router.php(737): Illuminate/Routing/Router->dispatchToRoute(Object(Illuminate/Http/Request))
#22 G:/Cytonn task/task-api/vendor/laravel/framework/src/Illuminate/Foundation/Http/Kernel.php(200): Illuminate/Routing/Router->dispatch(Object(Illuminate/Http/Request))
#23 G:/Cytonn task/task-api/vendor/laravel/framework/src/Illuminate/Pipeline/Pipeline.php(144): Illuminate/Foundation/Http/Kernel->Illuminate/Foundation/Http/{closure}(Object(Illuminate/Http/Request))
#24 G:/Cytonn task/task-api/vendor/laravel/framework/src/Illuminate/Foundation/Http/Middleware/TransformsRequest.php(21): Illuminate/Pipeline/Pipeline->Illuminate/Pipeline/{closure}(Object(Illuminate/Http/Request))
#25 G:/Cytonn task/task-api/vendor/laravel/framework/src/Illuminate/Foundation/Http/Middleware/ConvertEmptyStringsToNull.php(31): Illuminate/Foundation/Http/Middleware/TransformsRequest->handle(Object(Illuminate/Http/Request), Object(Closure))
#26 G:/Cytonn task/task-api/vendor/laravel/framework/src/Illuminate/Pipeline/Pipeline.php(183): Illuminate/Foundation/Http/Middleware/ConvertEmptyStringsToNull->handle(Object(Illuminate/Http/Request), Object(Closure))
#27 G:/Cytonn task/task-api/vendor/laravel/framework/src/Illuminate/Foundation/Http/Middleware/TransformsRequest.php(21): Illuminate/Pipeline/Pipeline->Illuminate/Pipeline/{closure}(Object(Illuminate/Http/Request))
#28 G:/Cytonn task/task-api/vendor/laravel/framework/src/Illuminate/Foundation/Http/Middleware/TrimStrings.php(40): Illuminate/Foundation/Http/Middleware/TransformsRequest->handle(Object(Illuminate/Http/Request), Object(Closure))
#29 G:/Cytonn task/task-api/vendor/laravel/framework/src/Illuminate/Pipeline/Pipeline.php(183): Illuminate/Foundation/Http/Middleware/TrimStrings->handle(Object(Illuminate/Http/Request), Object(Closure))
#30 G:/Cytonn task/task-api/vendor/laravel/framework/src/Illuminate/Foundation/Http/Middleware/ValidatePostSize.php(27): Illuminate/Pipeline/Pipeline->Illuminate/Pipeline/{closure}(Object(Illuminate/Http/Request))
#31 G:/Cytonn task/task-api/vendor/laravel/framework/src/Illuminate/Pipeline/Pipeline.php(183): Illuminate/Foundation/Http/Middleware/ValidatePostSize->handle(Object(Illuminate/Http/Request), Object(Closure))
#32 G:/Cytonn task/task-api/vendor/laravel/framework/src/Illuminate/Foundation/Http/Middleware/PreventRequestsDuringMaintenance.php(99): Illuminate/Pipeline/Pipeline->Illuminate/Pipeline/{closure}(Object(Illuminate/Http/Request))
#33 G:/Cytonn task/task-api/vendor/laravel/framework/src/Illuminate/Pipeline/Pipeline.php(183): Illuminate/Foundation/Http/Middleware/PreventRequestsDuringMaintenance->handle(Object(Illuminate/Http/Request), Object(Closure))
#34 G:/Cytonn task/task-api/vendor/laravel/framework/src/Illuminate/Http/Middleware/HandleCors.php(49): Illuminate/Pipeline/Pipeline->Illuminate/Pipeline/{closure}(Object(Illuminate/Http/Request))
#35 G:/Cytonn task/task-api/vendor/laravel/framework/src/Illuminate/Pipeline/Pipeline.php(183): Illuminate/Http/Middleware/HandleCors->handle(Object(Illuminate/Http/Request), Object(Closure))
#36 G:/Cytonn task/task-api/app/Http/Middleware/TrustProxies.php(12): Illuminate/Pipeline/Pipeline->Illuminate/Pipeline/{closure}(Object(Illuminate/Http/Request))
#37 G:/Cytonn task/task-api/vendor/laravel/framework/src/Illuminate/Pipeline/Pipeline.php(183): App/Http/Middleware/TrustProxies->handle(Object(Illuminate/Http/Request), Object(Closure))
#38 G:/Cytonn task/task-api/vendor/laravel/framework/src/Illuminate/Pipeline/Pipeline.php(119): Illuminate/Pipeline/Pipeline->Illuminate/Pipeline/{closure}(Object(Illuminate/Http/Request))
#39 G:/Cytonn task/task-api/vendor/laravel/framework/src/Illuminate/Foundation/Http/Kernel.php(175): Illuminate/Pipeline/Pipeline->then(Object(Closure))
#40 G:/Cytonn task/task-api/vendor/laravel/framework/src/Illuminate/Foundation/Http/Kernel.php(144): Illuminate/Foundation/Http/Kernel->sendRequestThroughRouter(Object(Illuminate/Http/Request))
#41 G:/Cytonn task/task-api/public/index.php(36): Illuminate/Foundation/Http/Kernel->handle(Object(Illuminate/Http/Request))
#42 G:/Cytonn task/task-api/vendor/laravel/framework/src/Illuminate/Foundation/resources/server.php(16): require_once('G://Cytonn task//...')
#43 {main}
"} 
[2026-03-30 10:47:05] production.ERROR: No application encryption key has been specified. {"exception":"[object] (Illuminate\\Encryption\\MissingAppKeyException(code: 0): No application encryption key has been specified. at G:/Cytonn task/task-api/vendor/laravel/framework/src/Illuminate/Encryption/EncryptionServiceProvider.php:79)
[stacktrace]
#0 G:/Cytonn task/task-api/vendor/laravel/framework/src/Illuminate/Support/helpers.php(320): Illuminate/Encryption/EncryptionServiceProvider->Illuminate/Encryption/{closure}(NULL)
#1 G:/Cytonn task/task-api/vendor/laravel/framework/src/Illuminate/Encryption/EncryptionServiceProvider.php(77): tap(NULL, Object(Closure))
#2 G:/Cytonn task/task-api/vendor/laravel/framework/src/Illuminate/Encryption/EncryptionServiceProvider.php(60): Illuminate/Encryption/EncryptionServiceProvider->key(Array)
#3 G:/Cytonn task/task-api/vendor/laravel/framework/src/Illuminate/Encryption/EncryptionServiceProvider.php(32): Illuminate/Encryption/EncryptionServiceProvider->parseKey(Array)
#4 G:/Cytonn task/task-api/vendor/laravel/framework/src/Illuminate/Container/Container.php(908): Illuminate/Encryption/EncryptionServiceProvider->Illuminate/Encryption/{closure}(Object(Illuminate/Foundation/Application), Array)
#5 G:/Cytonn task/task-api/vendor/laravel/framework/src/Illuminate/Container/Container.php(795): Illuminate/Container/Container->build(Object(Closure))
#6 G:/Cytonn task/task-api/vendor/laravel/framework/src/Illuminate/Foundation/Application.php(986): Illuminate/Container/Container->resolve('encrypter', Array, true)
#7 G:/Cytonn task/task-api/vendor/laravel/framework/src/Illuminate/Container/Container.php(731): Illuminate/Foundation/Application->resolve('encrypter', Array)
#8 G:/Cytonn task/task-api/vendor/laravel/framework/src/Illuminate/Foundation/Application.php(971): Illuminate/Container/Container->make('encrypter', Array)
#9 G:/Cytonn task/task-api/vendor/laravel/framework/src/Illuminate/Container/Container.php(1066): Illuminate/Foundation/Application->make('encrypter')
#10 G:/Cytonn task/task-api/vendor/laravel/framework/src/Illuminate/Container/Container.php(982): Illuminate/Container/Container->resolveClass(Object(ReflectionParameter))
#11 G:/Cytonn task/task-api/vendor/laravel/framework/src/Illuminate/Container/Container.php(943): Illuminate/Container/Container->resolveDependencies(Array)
#12 G:/Cytonn task/task-api/vendor/laravel/framework/src/Illuminate/Container/Container.php(795): Illuminate/Container/Container->build('App//Http//Middle...')
#13 G:/Cytonn task/task-api/vendor/laravel/framework/src/Illuminate/Foundation/Application.php(986): Illuminate/Container/Container->resolve('App//Http//Middle...', Array, true)
#14 G:/Cytonn task/task-api/vendor/laravel/framework/src/Illuminate/Container/Container.php(731): Illuminate/Foundation/Application->resolve('App//Http//Middle...', Array)
#15 G:/Cytonn task/task-api/vendor/laravel/framework/src/Illuminate/Foundation/Application.php(971): Illuminate/Container/Container->make('App//Http//Middle...', Array)
#16 G:/Cytonn task/task-api/vendor/laravel/framework/src/Illuminate/Foundation/Http/Kernel.php(255): Illuminate/Foundation/Application->make('App//Http//Middle...')
#17 G:/Cytonn task/task-api/vendor/laravel/framework/src/Illuminate/Foundation/Http/Kernel.php(213): Illuminate/Foundation/Http/Kernel->terminateMiddleware(Object(Illuminate/Http/Request), Object(Illuminate/Http/Response))
#18 G:/Cytonn task/task-api/public/index.php(40): Illuminate/Foundation/Http/Kernel->terminate(Object(Illuminate/Http/Request), Object(Illuminate/Http/Response))
#19 G:/Cytonn task/task-api/vendor/laravel/framework/src/Illuminate/Foundation/resources/server.php(16): require_once('G://Cytonn task//...')
#20 {main}
"} 
[2026-03-30 10:48:28] production.ERROR: file_get_contents(G:\Cytonn task\task-api\.env): Failed to open stream: No such file or directory {"exception":"[object] (ErrorException(code: 0): file_get_contents(G:\\Cytonn task\\task-api\\.env): Failed to open stream: No such file or directory at G:/Cytonn task/task-api/vendor/laravel/framework/src/Illuminate/Foundation/Console/KeyGenerateCommand.php:100)
[stacktrace]
#0 G:/Cytonn task/task-api/vendor/laravel/framework/src/Illuminate/Foundation/Bootstrap/HandleExceptions.php(255): Illuminate/Foundation/Bootstrap/HandleExceptions->handleError(2, 'file_get_conten...', 'G://Cytonn task//...', 100)
#1 [internal function]: Illuminate/Foundation/Bootstrap/HandleExceptions->Illuminate/Foundation/Bootstrap/{closure}(2, 'file_get_conten...', 'G://Cytonn task//...', 100)
#2 G:/Cytonn task/task-api/vendor/laravel/framework/src/Illuminate/Foundation/Console/KeyGenerateCommand.php(100): file_get_contents('G://Cytonn task//...')
#3 G:/Cytonn task/task-api/vendor/laravel/framework/src/Illuminate/Foundation/Console/KeyGenerateCommand.php(82): Illuminate/Foundation/Console/KeyGenerateCommand->writeNewEnvironmentFileWith('base64:CllheHwh...')
#4 G:/Cytonn task/task-api/vendor/laravel/framework/src/Illuminate/Foundation/Console/KeyGenerateCommand.php(47): Illuminate/Foundation/Console/KeyGenerateCommand->setKeyInEnvironmentFile('base64:CllheHwh...')
#5 G:/Cytonn task/task-api/vendor/laravel/framework/src/Illuminate/Container/BoundMethod.php(36): Illuminate/Foundation/Console/KeyGenerateCommand->handle()
#6 G:/Cytonn task/task-api/vendor/laravel/framework/src/Illuminate/Container/Util.php(41): Illuminate/Container/BoundMethod::Illuminate/Container/{closure}()
#7 G:/Cytonn task/task-api/vendor/laravel/framework/src/Illuminate/Container/BoundMethod.php(93): Illuminate/Container/Util::unwrapIfClosure(Object(Closure))
#8 G:/Cytonn task/task-api/vendor/laravel/framework/src/Illuminate/Container/BoundMethod.php(35): Illuminate/Container/BoundMethod::callBoundMethod(Object(Illuminate/Foundation/Application), Array, Object(Closure))
#9 G:/Cytonn task/task-api/vendor/laravel/framework/src/Illuminate/Container/Container.php(662): Illuminate/Container/BoundMethod::call(Object(Illuminate/Foundation/Application), Array, Array, NULL)
#10 G:/Cytonn task/task-api/vendor/laravel/framework/src/Illuminate/Console/Command.php(211): Illuminate/Container/Container->call(Array)
#11 G:/Cytonn task/task-api/vendor/symfony/console/Command/Command.php(326): Illuminate/Console/Command->execute(Object(Symfony/Component/Console/Input/ArgvInput), Object(Illuminate/Console/OutputStyle))
#12 G:/Cytonn task/task-api/vendor/laravel/framework/src/Illuminate/Console/Command.php(180): Symfony/Component/Console/Command/Command->run(Object(Symfony/Component/Console/Input/ArgvInput), Object(Illuminate/Console/OutputStyle))
#13 G:/Cytonn task/task-api/vendor/symfony/console/Application.php(1121): Illuminate/Console/Command->run(Object(Symfony/Component/Console/Input/ArgvInput), Object(Symfony/Component/Console/Output/ConsoleOutput))
#14 G:/Cytonn task/task-api/vendor/symfony/console/Application.php(324): Symfony/Component/Console/Application->doRunCommand(Object(Illuminate/Foundation/Console/KeyGenerateCommand), Object(Symfony/Component/Console/Input/ArgvInput), Object(Symfony/Component/Console/Output/ConsoleOutput))
#15 G:/Cytonn task/task-api/vendor/symfony/console/Application.php(175): Symfony/Component/Console/Application->doRun(Object(Symfony/Component/Console/Input/ArgvInput), Object(Symfony/Component/Console/Output/ConsoleOutput))
#16 G:/Cytonn task/task-api/vendor/laravel/framework/src/Illuminate/Foundation/Console/Kernel.php(201): Symfony/Component/Console/Application->run(Object(Symfony/Component/Console/Input/ArgvInput), Object(Symfony/Component/Console/Output/ConsoleOutput))
#17 G:/Cytonn task/task-api/artisan(24): Illuminate/Foundation/Console/Kernel->handle(Object(Symfony/Component/Console/Input/ArgvInput), Object(Symfony/Component/Console/Output/ConsoleOutput))
#18 {main}
"} 
[2026-03-30 10:49:08] local.ERROR: Class "App\Http\Controllers\Controller" not found {"exception":"[object] (Error(code: 0): Class \"App\\Http\\Controllers\\Controller\" not found at G:/Cytonn task/task-api/app/Http/Controllers/TaskController.php:15)
[stacktrace]
#0 G:/Cytonn task/task-api/vendor/composer/ClassLoader.php(576): include()
#1 G:/Cytonn task/task-api/vendor/composer/ClassLoader.php(427): Composer/Autoload/{closure}('G://Cytonn task//...')
#2 [internal function]: Composer/Autoload/ClassLoader->loadClass('App//Http//Contro...')
#3 G:/Cytonn task/task-api/vendor/laravel/framework/src/Illuminate/Routing/Route.php(1096): is_a('App//Http//Contro...', 'Illuminate//Rout...', true)
#4 G:/Cytonn task/task-api/vendor/laravel/framework/src/Illuminate/Routing/Route.php(1035): Illuminate/Routing/Route->controllerMiddleware()
#5 G:/Cytonn task/task-api/vendor/laravel/framework/src/Illuminate/Routing/Router.php(818): Illuminate/Routing/Route->gatherMiddleware()
#6 G:/Cytonn task/task-api/vendor/laravel/framework/src/Illuminate/Routing/Router.php(800): Illuminate/Routing/Router->gatherRouteMiddleware(Object(Illuminate/Routing/Route))
#7 G:/Cytonn task/task-api/vendor/laravel/framework/src/Illuminate/Routing/Router.php(784): Illuminate/Routing/Router->runRouteWithinStack(Object(Illuminate/Routing/Route), Object(Illuminate/Http/Request))
#8 G:/Cytonn task/task-api/vendor/laravel/framework/src/Illuminate/Routing/Router.php(748): Illuminate/Routing/Router->runRoute(Object(Illuminate/Http/Request), Object(Illuminate/Routing/Route))
#9 G:/Cytonn task/task-api/vendor/laravel/framework/src/Illuminate/Routing/Router.php(737): Illuminate/Routing/Router->dispatchToRoute(Object(Illuminate/Http/Request))
#10 G:/Cytonn task/task-api/vendor/laravel/framework/src/Illuminate/Foundation/Http/Kernel.php(200): Illuminate/Routing/Router->dispatch(Object(Illuminate/Http/Request))
#11 G:/Cytonn task/task-api/vendor/laravel/framework/src/Illuminate/Pipeline/Pipeline.php(144): Illuminate/Foundation/Http/Kernel->Illuminate/Foundation/Http/{closure}(Object(Illuminate/Http/Request))
#12 G:/Cytonn task/task-api/vendor/laravel/framework/src/Illuminate/Foundation/Http/Middleware/TransformsRequest.php(21): Illuminate/Pipeline/Pipeline->Illuminate/Pipeline/{closure}(Object(Illuminate/Http/Request))
#13 G:/Cytonn task/task-api/vendor/laravel/framework/src/Illuminate/Foundation/Http/Middleware/ConvertEmptyStringsToNull.php(31): Illuminate/Foundation/Http/Middleware/TransformsRequest->handle(Object(Illuminate/Http/Request), Object(Closure))
#14 G:/Cytonn task/task-api/vendor/laravel/framework/src/Illuminate/Pipeline/Pipeline.php(183): Illuminate/Foundation/Http/Middleware/ConvertEmptyStringsToNull->handle(Object(Illuminate/Http/Request), Object(Closure))
#15 G:/Cytonn task/task-api/vendor/laravel/framework/src/Illuminate/Foundation/Http/Middleware/TransformsRequest.php(21): Illuminate/Pipeline/Pipeline->Illuminate/Pipeline/{closure}(Object(Illuminate/Http/Request))
#16 G:/Cytonn task/task-api/vendor/laravel/framework/src/Illuminate/Foundation/Http/Middleware/TrimStrings.php(40): Illuminate/Foundation/Http/Middleware/TransformsRequest->handle(Object(Illuminate/Http/Request), Object(Closure))
#17 G:/Cytonn task/task-api/vendor/laravel/framework/src/Illuminate/Pipeline/Pipeline.php(183): Illuminate/Foundation/Http/Middleware/TrimStrings->handle(Object(Illuminate/Http/Request), Object(Closure))
#18 G:/Cytonn task/task-api/vendor/laravel/framework/src/Illuminate/Foundation/Http/Middleware/ValidatePostSize.php(27): Illuminate/Pipeline/Pipeline->Illuminate/Pipeline/{closure}(Object(Illuminate/Http/Request))
#19 G:/Cytonn task/task-api/vendor/laravel/framework/src/Illuminate/Pipeline/Pipeline.php(183): Illuminate/Foundation/Http/Middleware/ValidatePostSize->handle(Object(Illuminate/Http/Request), Object(Closure))
#20 G:/Cytonn task/task-api/vendor/laravel/framework/src/Illuminate/Foundation/Http/Middleware/PreventRequestsDuringMaintenance.php(99): Illuminate/Pipeline/Pipeline->Illuminate/Pipeline/{closure}(Object(Illuminate/Http/Request))
#21 G:/Cytonn task/task-api/vendor/laravel/framework/src/Illuminate/Pipeline/Pipeline.php(183): Illuminate/Foundation/Http/Middleware/PreventRequestsDuringMaintenance->handle(Object(Illuminate/Http/Request), Object(Closure))
#22 G:/Cytonn task/task-api/vendor/laravel/framework/src/Illuminate/Http/Middleware/HandleCors.php(62): Illuminate/Pipeline/Pipeline->Illuminate/Pipeline/{closure}(Object(Illuminate/Http/Request))
#23 G:/Cytonn task/task-api/vendor/laravel/framework/src/Illuminate/Pipeline/Pipeline.php(183): Illuminate/Http/Middleware/HandleCors->handle(Object(Illuminate/Http/Request), Object(Closure))
#24 G:/Cytonn task/task-api/app/Http/Middleware/TrustProxies.php(12): Illuminate/Pipeline/Pipeline->Illuminate/Pipeline/{closure}(Object(Illuminate/Http/Request))
#25 G:/Cytonn task/task-api/vendor/laravel/framework/src/Illuminate/Pipeline/Pipeline.php(183): App/Http/Middleware/TrustProxies->handle(Object(Illuminate/Http/Request), Object(Closure))
#26 G:/Cytonn task/task-api/vendor/laravel/framework/src/Illuminate/Pipeline/Pipeline.php(119): Illuminate/Pipeline/Pipeline->Illuminate/Pipeline/{closure}(Object(Illuminate/Http/Request))
#27 G:/Cytonn task/task-api/vendor/laravel/framework/src/Illuminate/Foundation/Http/Kernel.php(175): Illuminate/Pipeline/Pipeline->then(Object(Closure))
#28 G:/Cytonn task/task-api/vendor/laravel/framework/src/Illuminate/Foundation/Http/Kernel.php(144): Illuminate/Foundation/Http/Kernel->sendRequestThroughRouter(Object(Illuminate/Http/Request))
#29 G:/Cytonn task/task-api/public/index.php(36): Illuminate/Foundation/Http/Kernel->handle(Object(Illuminate/Http/Request))
#30 G:/Cytonn task/task-api/vendor/laravel/framework/src/Illuminate/Foundation/resources/server.php(16): require_once('G://Cytonn task//...')
#31 {main}
"} 
